date,course,weather,race_number,race_name,surface,distance,track_condition,num_horses,bracket_number,horse_number,horse_name,father_name,mother_name,sex,age,weight_carried,jockey,stable,horse_weight,weight_diff,horse_id
2026/04/04,高知,,1,C3ー6,ダ,1300,,8,1,1,チャンピオンリボン,サンダースノー,Eastern Joy,牝,4,53.0,阿部基嗣,高知西山裕貴,,,2022102964
2026/04/04,高知,,1,C3ー6,ダ,1300,,8,2,2,ビッグロゴスルーフ,ロゴタイプ,ステレオタイプ,牡,5,57.0,大澤誠志,高知那俄性哲,,,2021106522
2026/04/04,高知,,1,C3ー6,ダ,1300,,8,3,3,リライトヒストリー,カリフォルニアクローム,Love the Chase,牡,4,57.0,山崎雅由,高知西山裕貴,,,2022103934
2026/04/04,高知,,1,C3ー6,ダ,1300,,8,4,4,スタークルージング,ロードカナロア,レディブラッサム,牝,4,55.0,宮川実,高知打越勇児,,,2022100631
2026/04/04,高知,,1,C3ー6,ダ,1300,,8,5,5,ナバロン,ブラックタイド,ウインドインハーヘア,牡,7,57.0,郷間勇太,高知田中譲二,,,2019102456
2026/04/04,高知,,1,C3ー6,ダ,1300,,8,6,6,トワキ,ヘニーヒューズ,Meadow Flyer,牡,6,57.0,上田将司,高知嬉勝則,,,2020102055
2026/04/04,高知,,1,C3ー6,ダ,1300,,8,7,7,グリュースゴット,ヘニーヒューズ,Meadow Flyer,セ,8,57.0,永森大智,高知雑賀正光,,,2018104392
2026/04/04,高知,,1,C3ー6,ダ,1300,,8,8,8,アップルキャンディ,レインボーライン,レーゲンボーゲン,牝,6,55.0,石本純也,高知平和人,,,2020104641
2026/04/04,高知,,2,C3ー5,ダ,1300,,9,1,1,リワードエレイン,バンブーエール,レインボーウッド,牝,4,53.0,阿部基嗣,高知雑賀正光,,,2022103374
2026/04/04,高知,,2,C3ー5,ダ,1300,,9,2,2,ラージフィールド,マジェスティックウォリアー,Dream Supreme,セ,6,57.0,石本純也,高知田中伸一,,,2020106620
2026/04/04,高知,,2,C3ー5,ダ,1300,,9,3,3,スリーローズマリー,サートゥルナーリア,シーザリオ,牝,4,55.0,上田将司,高知目迫大輔,,,2022102310
2026/04/04,高知,,2,C3ー5,ダ,1300,,9,4,4,ヤマノインパクト,カリフォルニアクローム,Love the Chase,牡,4,56.0,近藤翔月,高知倉兼育康,,,2022104559
2026/04/04,高知,,2,C3ー5,ダ,1300,,9,5,5,サイカク,ストロングリターン,コートアウト,牡,5,57.0,岡遼太郎,高知東原己俊,,,2021103875
2026/04/04,高知,,2,C3ー5,ダ,1300,,9,6,6,イルクオーレ,ロードカナロア,レディブラッサム,セ,8,57.0,赤岡修次,高知田中守,,,2018106077
2026/04/04,高知,,2,C3ー5,ダ,1300,,9,7,7,ウインリベラーレ,エピファネイア,シーザリオ,牡,5,56.0,城野慈尚,高知胡本友晴,,,2021106207
2026/04/04,高知,,2,C3ー5,ダ,1300,,9,8,8,ミッドナイトバード,ドレフォン,Eltimaas,牡,7,57.0,岡村卓弥,高知胡本友晴,,,2019101663
2026/04/04,高知,,2,C3ー5,ダ,1300,,9,8,9,サイモングリット,アルアイン,ドバイマジェスティ,牡,4,57.0,郷間勇太,高知別府真司,,,2022101509
2026/04/04,高知,,3,C3ー4,ダ,1300,,8,1,1,レモンシフォン,ホッコータルマエ,マダムチェロキー,牝,5,54.0,近藤翔月,高知田中譲二,,,2021103685
2026/04/04,高知,,3,C3ー4,ダ,1300,,8,2,2,サノノアメリカン,アメリカンペイトリオット,Life Well Lived,牡,4,57.0,木村直輝,高知胡本友晴,,,2022103425
2026/04/04,高知,,3,C3ー4,ダ,1300,,8,3,3,スーパーキティ,ルヴァンスレーヴ,マエストラーレ,牝,4,55.0,永森大智,高知目迫大輔,,,2022105943
2026/04/04,高知,,3,C3ー4,ダ,1300,,8,4,4,ブリックバーン,ブリックスアンドモルタル,Beyond the Waves,セ,5,57.0,山崎雅由,高知西山裕貴,,,2021105495
2026/04/04,高知,,3,C3ー4,ダ,1300,,8,5,5,ハードボイルド,ディーマジェスティ,エルメスティアラ,牡,6,57.0,佐原秀泰,高知那俄性哲,,,2020101999
2026/04/04,高知,,3,C3ー4,ダ,1300,,8,6,6,タイガーワゴン,ベストウォーリア,フラーテイシャスミス,牡,4,57.0,岡遼太郎,高知国澤輝幸,,,2022100957
2026/04/04,高知,,3,C3ー4,ダ,1300,,8,7,7,キモンニコラス,サトノクラウン,ジョコンダII,牡,4,57.0,郷間勇太,高知田中守,,,2022104236
2026/04/04,高知,,3,C3ー4,ダ,1300,,8,8,8,ココリハクタク,タワーオブロンドン,スノーパイン,牡,4,57.0,岡村卓弥,高知川野勇馬,,,2022102452
2026/04/04,高知,,4,初鰹特別(C1C2),ダ,1600,,8,1,1,スピードソルジャー,ドレフォン,Eltimaas,牡,7,57.0,宮川実,高知打越勇児,,,2019104959
2026/04/04,高知,,4,初鰹特別(C1C2),ダ,1600,,8,2,2,ミステリオーソ,パイロ,Wild Vision,牡,9,57.0,郷間勇太,高知嬉勝則,,,2017106704
2026/04/04,高知,,4,初鰹特別(C1C2),ダ,1600,,8,3,3,エコロカイザー,American Pharoah,Littleprincessemma,牡,5,57.0,岡村卓弥,高知雑賀正光,,,2021110158
2026/04/04,高知,,4,初鰹特別(C1C2),ダ,1600,,8,4,4,シシノブレイブ,ヴァンセンヌ,フラワーパーク,牡,5,56.0,大澤誠志,高知細川忠義,,,2021101255
2026/04/04,高知,,4,初鰹特別(C1C2),ダ,1600,,8,5,5,アプサラー,ドレフォン,Eltimaas,牝,7,55.0,佐原秀泰,高知田中譲二,,,2019100679
2026/04/04,高知,,4,初鰹特別(C1C2),ダ,1600,,8,6,6,ダイタジャスティス,ホッコータルマエ,マダムチェロキー,牡,5,56.0,山崎雅由,高知田中譲二,,,2021102954
2026/04/04,高知,,4,初鰹特別(C1C2),ダ,1600,,8,7,7,クリノオリオン,ドレフォン,Eltimaas,牝,5,53.0,阿部基嗣,高知西山裕貴,,,2021101243
2026/04/04,高知,,4,初鰹特別(C1C2),ダ,1600,,8,8,8,ジークシュベルト,ファインニードル,ニードルクラフト,牡,6,57.0,永森大智,高知雑賀正光,,,2020106593
2026/04/04,高知,,5,仙台屋桜特別(3歳),ダ,1600,,11,1,1,チュラリヴァル,ダンカーク,Secret Status,牡,3,57.0,山崎雅由,高知宮川浩一,,,2023100255
2026/04/04,高知,,5,仙台屋桜特別(3歳),ダ,1600,,11,2,2,モリノカーニバル,タリスマニック,Magic Mission,牡,3,57.0,赤岡修次,高知田中守,,,2023104278
2026/04/04,高知,,5,仙台屋桜特別(3歳),ダ,1600,,11,3,3,トサノシュジンコウ,マインドユアビスケッツ,Jazzmane,牡,3,57.0,多田羅誠,高知工藤真司,,,2023105543
2026/04/04,高知,,5,仙台屋桜特別(3歳),ダ,1600,,11,4,4,オーシンミリオン,ベストウォーリア,フラーテイシャスミス,牡,3,57.0,岡遼太郎,高知中西達也,,,2023106047
2026/04/04,高知,,5,仙台屋桜特別(3歳),ダ,1600,,11,5,5,キーゴールド,ヘニーヒューズ,Meadow Flyer,牡,3,57.0,佐原秀泰,高知西川敏弘,,,2023104785
2026/04/04,高知,,5,仙台屋桜特別(3歳),ダ,1600,,11,6,6,シーザソング,サートゥルナーリア,シーザリオ,牡,3,57.0,郷間勇太,高知西川敏弘,,,2023100675
2026/04/04,高知,,5,仙台屋桜特別(3歳),ダ,1600,,11,6,7,パーティーメロディ,クリソベリル,クリソプレーズ,牝,3,55.0,宮川実,高知宮川浩一,,,2023103505
2026/04/04,高知,,5,仙台屋桜特別(3歳),ダ,1600,,11,7,8,コスモラパウィラ,フォーウィールドライブ,Funfair,牡,3,56.0,近藤翔月,高知宮川浩一,,,2023104283
2026/04/04,高知,,5,仙台屋桜特別(3歳),ダ,1600,,11,7,9,ベルベットアノ,トビーズコーナー,Brandon's Ride,牝,3,55.0,岡村卓弥,高知国澤輝幸,,,2023106677
2026/04/04,高知,,5,仙台屋桜特別(3歳),ダ,1600,,11,8,10,ターニーノーブル,マインドユアビスケッツ,Jazzmane,牡,3,56.0,城野慈尚,高知別府真司,,,2023103508
2026/04/04,高知,,5,仙台屋桜特別(3歳),ダ,1600,,11,8,11,カントリービクター,ビーチパトロール,Bashful Bertie,牡,3,57.0,山田義貴,高知別府真司,,,2023105768
2026/04/04,高知,,6,C1ー6,ダ,1600,,8,1,1,ナムライリス,マクフィ,Dhelaal,牝,5,54.0,城野慈尚,高知工藤真司,,,2021101825
2026/04/04,高知,,6,C1ー6,ダ,1600,,8,2,2,ショーヴァロンス,ジャスタウェイ,シビル,牝,5,55.0,西森将司,高知目迫大輔,,,2021103908
2026/04/04,高知,,6,C1ー6,ダ,1600,,8,3,3,ベルリネッタ,タワーオブロンドン,スノーパイン,牡,4,57.0,岡村卓弥,高知川野勇馬,,,2022101426
2026/04/04,高知,,6,C1ー6,ダ,1600,,8,4,4,メイショウシロガネ,ホッコータルマエ,マダムチェロキー,牡,8,56.0,近藤翔月,高知宮路洋一,,,2018106220
2026/04/04,高知,,6,C1ー6,ダ,1600,,8,5,5,ミッキーストライク,ドゥラメンテ,アドマイヤグルーヴ,牡,5,57.0,赤岡修次,高知田中守,,,2021105729
2026/04/04,高知,,6,C1ー6,ダ,1600,,8,6,6,ビステル,レッドファルクス,ベルモット,牡,5,57.0,宮川実,高知西川敏弘,,,2021107083
2026/04/04,高知,,6,C1ー6,ダ,1600,,8,7,7,ピストンボーイ,イスラボニータ,イスラコジーン,牡,5,57.0,多田羅誠,高知工藤真司,57.0,,2021105447
2026/04/04,高知,,6,C1ー6,ダ,1600,,8,8,8,ラインメッセージ,ヴァンセンヌ,フラワーパーク,牡,7,57.0,佐原秀泰,高知那俄性哲,,,2019106542
2026/04/04,高知,,7,C1ー5,ダ,1600,,10,1,1,トレイントレイン,トランセンド,シネマスコープ,牡,10,57.0,多田羅誠,高知国澤輝幸,,,2016104023
2026/04/04,高知,,7,C1ー5,ダ,1600,,10,2,2,ジェンマ,キングリオ,ウィキッドリーパーフェクト,牡,5,57.0,山田義貴,高知川野勇馬,,,2021101210
2026/04/04,高知,,7,C1ー5,ダ,1600,,10,3,3,キンセンオー,エスケンデレヤ,Aldebaran Light,牡,4,57.0,赤岡修次,高知倉兼育康,,,2022101769
2026/04/04,高知,,7,C1ー5,ダ,1600,,10,4,4,ダイチヴィヴァン,ホッコータルマエ,マダムチェロキー,牡,7,57.0,木村直輝,高知胡本友晴,,,2019102470
2026/04/04,高知,,7,C1ー5,ダ,1600,,10,5,5,ポピュラーソング,アンライバルド,バレークイーン,牝,9,55.0,西森将司,高知倉兼育康,,,2017100660
2026/04/04,高知,,7,C1ー5,ダ,1600,,10,6,6,ディアセオリー,サムライハート,エアグルーヴ,牡,9,57.0,永森大智,高知打越勇児,,,2017104232
2026/04/04,高知,,7,C1ー5,ダ,1600,,10,7,7,オリーブブランチ,シュヴァルグラン,ハルーワスウィート,牡,4,56.0,近藤翔月,高知目迫大輔,,,2022101955
2026/04/04,高知,,7,C1ー5,ダ,1600,,10,7,8,フクノルッカ,マクフィ,Dhelaal,牝,8,55.0,上田将司,高知西川敏弘,,,2018100299
2026/04/04,高知,,7,C1ー5,ダ,1600,,10,8,9,クリノドラゴン,アスカクリチャン,ローレルワルツ,牡,8,57.0,岡遼太郎,高知中西達也,,,2018101012
2026/04/04,高知,,7,C1ー5,ダ,1600,,10,8,10,ソッコータルマカ,ホッコータルマエ,マダムチェロキー,セ,6,57.0,宮川実,高知打越勇児,,,2020101591
2026/04/04,高知,,8,C2ー4,ダ,1400,,8,1,1,トップアメリカン,アメリカンペイトリオット,Life Well Lived,牡,7,57.0,永森大智,高知雑賀正光,,,2019107037
2026/04/04,高知,,8,C2ー4,ダ,1400,,8,2,2,ルージュブラゾン,ドゥラメンテ,アドマイヤグルーヴ,牝,7,54.0,近藤翔月,高知宮川浩一,,,2019104685
2026/04/04,高知,,8,C2ー4,ダ,1400,,8,3,3,テーオールノワール,パイロ,Wild Vision,セ,8,57.0,佐原秀泰,高知中西達也,,,2018102350
2026/04/04,高知,,8,C2ー4,ダ,1400,,8,4,4,マツリダショパン,アジアエクスプレス,ランニングボブキャッツ,牡,7,57.0,山田義貴,高知別府真司,,,2019100470
2026/04/04,高知,,8,C2ー4,ダ,1400,,8,5,5,ニヨドスマイル,ヘニーヒューズ,Meadow Flyer,牡,8,57.0,西森将司,高知別府真司,,,2018101020
2026/04/04,高知,,8,C2ー4,ダ,1400,,8,6,6,エクトゥシュタール,リアルスティール,ラヴズオンリーミー,牡,6,57.0,岡村卓弥,高知雑賀正光,,,2020100206
2026/04/04,高知,,8,C2ー4,ダ,1400,,8,7,7,ライーナシェリー,サトノアレス,サトノアマゾネス,牝,5,55.0,畑中信司,高知細川忠義,,,2021100033
2026/04/04,高知,,8,C2ー4,ダ,1400,,8,8,8,ダイシンゲキ,シャンハイボビー,Steelin',牝,4,55.0,上田将司,高知宮路洋一,,,2022100942
2026/04/04,高知,,9,C2ー3,ダ,1400,,9,1,1,アンミノレモン,フリオーソ,ファーザ,牡,6,57.0,多田羅誠,高知宮路洋一,,,2020106842
2026/04/04,高知,,9,C2ー3,ダ,1400,,9,2,2,ゴールデンチョイス,ロードアルティマ,Secrettame,牡,10,54.0,塚本直之,高知川野勇馬,,,2016101473
2026/04/04,高知,,9,C2ー3,ダ,1400,,9,3,3,ムタビリス,リーチザクラウン,クラウンピース,牝,4,55.0,佐原秀泰,高知中西達也,,,2022102568
2026/04/04,高知,,9,C2ー3,ダ,1400,,9,4,4,アキノスマート,スマートファルコン,ケイシュウハーブ,牡,9,57.0,大澤誠志,高知那俄性哲,,,2017103912
2026/04/04,高知,,9,C2ー3,ダ,1400,,9,5,5,ラリタス,モーニン,Giggly,牡,4,57.0,赤岡修次,高知田中守,,,2022102186
2026/04/04,高知,,9,C2ー3,ダ,1400,,9,6,6,インオービット,ミッキーロケット,マネーキャントバイミーラヴ,牡,6,57.0,西森将司,高知倉兼育康,,,2020105510
2026/04/04,高知,,9,C2ー3,ダ,1400,,9,7,7,ヴィーダ,ヨハネスブルグ,Myth,セ,11,57.0,岡村卓弥,高知別府真司,,,2015105143
2026/04/04,高知,,9,C2ー3,ダ,1400,,9,8,8,メイショウカズサ,カジノドライヴ,Better Than Honour,牡,9,57.0,岡遼太郎,高知中西達也,,,2017106642
2026/04/04,高知,,9,C2ー3,ダ,1400,,9,8,9,ダルムシュタット,タートルボウル,Clara Bow,セ,9,57.0,畑中信司,高知別府真司,,,2017104818
2026/04/04,高知,,10,C2ー2,ダ,1400,,10,1,1,エバーサニーハート,シニスターミニスター,Sweet Minister,牡,8,56.0,近藤翔月,高知雑賀正光,,,2018102989
2026/04/04,高知,,10,C2ー2,ダ,1400,,10,2,2,バイユーラン,シャンハイボビー,Steelin',牝,5,55.0,上田将司,高知宮路洋一,,,2021104848
2026/04/04,高知,,10,C2ー2,ダ,1400,,10,3,3,レズルレクティオ,ドゥラメンテ,アドマイヤグルーヴ,セ,4,57.0,永森大智,高知打越勇児,,,2022101442
2026/04/04,高知,,10,C2ー2,ダ,1400,,10,4,4,コパノキュラソー,シャンハイボビー,Steelin',牡,4,57.0,赤岡修次,高知田中守,,,2022104085
2026/04/04,高知,,10,C2ー2,ダ,1400,,10,5,5,エイシンクエーサー,ネオユニヴァース,ポインテッドパス,牡,7,57.0,西森将司,高知胡本友晴,,,2019103281
2026/04/04,高知,,10,C2ー2,ダ,1400,,10,6,6,カポデテュティカピ,Frankel,Kind,牡,5,57.0,畑中信司,高知那俄性哲,,,2021110043
2026/04/04,高知,,10,C2ー2,ダ,1400,,10,7,7,フーイナム,モーリス,メジロフランシス,牡,4,57.0,多田羅誠,高知工藤真司,,,2022105545
2026/04/04,高知,,10,C2ー2,ダ,1400,,10,7,8,ネイルンノ,ファインニードル,ニードルクラフト,牡,5,57.0,佐原秀泰,高知田中譲二,,,2021103338
2026/04/04,高知,,10,C2ー2,ダ,1400,,10,8,9,マジックタッチ,リオンディーズ,シーザリオ,牡,6,57.0,妹尾浩一,高知打越勇児,,,2020106946
2026/04/04,高知,,10,C2ー2,ダ,1400,,10,8,10,ダノンアーリー,Frankel,Kind,セ,7,57.0,山田義貴,高知別府真司,,,2019105376
2026/04/04,高知,,11,清明特別(C2),ダ,1400,,8,1,1,アンリトゥンルール,ハービンジャー,Penang Pearl,牡,5,57.0,山崎雅由,高知田中譲二,,,2021101668
2026/04/04,高知,,11,清明特別(C2),ダ,1400,,8,2,2,ヴィナクローナ,サトノクラウン,ジョコンダII,牡,6,57.0,佐原秀泰,高知田中譲二,,,2020102901
2026/04/04,高知,,11,清明特別(C2),ダ,1400,,8,3,3,ケルピー,カレンブラックヒル,チャールストンハーバー,セ,4,57.0,赤岡修次,高知田中守,,,2022101801
2026/04/04,高知,,11,清明特別(C2),ダ,1400,,8,4,4,トロルトゥンガ,アジアエクスプレス,ランニングボブキャッツ,牡,6,57.0,多田羅誠,高知工藤真司,,,2020104385
2026/04/04,高知,,11,清明特別(C2),ダ,1400,,8,5,5,ダノンファスト,キングカメハメハ,マンファス,牡,9,57.0,畑中信司,高知別府真司,,,2017104819
2026/04/04,高知,,11,清明特別(C2),ダ,1400,,8,6,6,サイセイセイ,ワンダーアキュート,ワンダーヘリテージ,セ,8,57.0,山田義貴,高知別府真司,,,2018100982
2026/04/04,高知,,11,清明特別(C2),ダ,1400,,8,7,7,テーオーシリウス,ジャスタウェイ,シビル,牡,8,56.0,城野慈尚,高知工藤真司,,,2018106834
2026/04/04,高知,,11,清明特別(C2),ダ,1400,,8,8,8,オークハンプトン,ネオユニヴァース,ポインテッドパス,牡,8,57.0,郷間勇太,高知田中守,,,2018105132
2026/04/04,高知,,12,ファイナルレース(C2),ダ,1400,,12,1,1,プリンセスダイヤ,ニシケンモノノフ,グリーンヒルコマチ,牝,4,54.0,近藤翔月,高知嬉勝則,,,2022106949
2026/04/04,高知,,12,ファイナルレース(C2),ダ,1400,,12,2,2,グッドフェイス,キズナ,キャットクイル,牡,7,57.0,多田羅誠,高知胡本友晴,,,2019106852
2026/04/04,高知,,12,ファイナルレース(C2),ダ,1400,,12,3,3,キングダムウイナー,ディープインパクト,ウインドインハーヘア,牡,9,57.0,岡遼太郎,高知那俄性哲,,,2017105224
2026/04/04,高知,,12,ファイナルレース(C2),ダ,1400,,12,4,4,カレンルシェルブル,ハービンジャー,Penang Pearl,牡,8,57.0,妹尾浩一,高知目迫大輔,,,2018104579
2026/04/04,高知,,12,ファイナルレース(C2),ダ,1400,,12,5,5,リケアマキアート,リアルスティール,ラヴズオンリーミー,セ,4,57.0,赤岡修次,高知田中守,,,2022106491
2026/04/04,高知,,12,ファイナルレース(C2),ダ,1400,,12,5,6,ブーバー,ロゴタイプ,ステレオタイプ,牝,6,55.0,郷間勇太,高知西川敏弘,,,2020102840
2026/04/04,高知,,12,ファイナルレース(C2),ダ,1400,,12,6,7,トゥラムプラッツ,オルフェーヴル,オリエンタルアート,牡,5,55.0,阿部基嗣,高知西山裕貴,,,2021101927
2026/04/04,高知,,12,ファイナルレース(C2),ダ,1400,,12,6,8,サプライズビュー,ホッコータルマエ,マダムチェロキー,牡,8,54.0,塚本直之,高知目迫大輔,,,2018102681
2026/04/04,高知,,12,ファイナルレース(C2),ダ,1400,,12,7,9,フルゴリラ,エスポワールシチー,エミネントシチー,牡,9,57.0,西森将司,高知胡本友晴,,,2017103402
2026/04/04,高知,,12,ファイナルレース(C2),ダ,1400,,12,7,10,ダイヤモンドフジ,ミッキーアイル,スターアイル,牡,7,57.0,永森大智,高知工藤真司,,,2019109096
2026/04/04,高知,,12,ファイナルレース(C2),ダ,1400,,12,8,11,オケイン,ベーカバド,Behkara,牡,6,57.0,木村直輝,高知那俄性哲,,,2020104683
2026/04/04,高知,,12,ファイナルレース(C2),ダ,1400,,12,8,12,ホワイトターフ,ゴールドシップ,ポイントフラッグ,牝,7,55.0,岡村卓弥,高知工藤真司,,,2019105794
2026/04/04,佐賀,,1,パッカルくんのおとしもの賞(3歳),ダ,1400,,11,1,1,クロノステソーロ,フィエールマン,リュヌドール,牡,3,56.0,出水拓人,佐賀九日俊光,,,2023100062
2026/04/04,佐賀,,1,パッカルくんのおとしもの賞(3歳),ダ,1400,,11,2,2,ポップサンダー,サンダースノー,Eastern Joy,牝,3,54.0,金山昇馬,佐賀池田忠好,,,2023100172
2026/04/04,佐賀,,1,パッカルくんのおとしもの賞(3歳),ダ,1400,,11,3,3,ヴィルスサマ,マルターズアポジー,マルターズヒート,牝,3,53.0,林悠翔,佐賀池田忠好,,,2023104114
2026/04/04,佐賀,,1,パッカルくんのおとしもの賞(3歳),ダ,1400,,11,4,4,テクノメロン,バンブーエール,レインボーウッド,牝,3,54.0,石川慎将,佐賀真島正徳,,,2023102727
2026/04/04,佐賀,,1,パッカルくんのおとしもの賞(3歳),ダ,1400,,11,5,5,イッテルビウム,ファインニードル,ニードルクラフト,牡,3,56.0,山口勲,佐賀山田徹,,,2023102275
2026/04/04,佐賀,,1,パッカルくんのおとしもの賞(3歳),ダ,1400,,11,6,6,メロディセーラ,ミスターメロディ,Trusty Lady,牝,3,54.0,加茂飛翔,佐賀北村欣也,,,2023100134
2026/04/04,佐賀,,1,パッカルくんのおとしもの賞(3歳),ダ,1400,,11,6,7,ピンクサウスポー,エポカドーロ,ダイワパッション,牝,3,54.0,山下裕貴,佐賀山田徹,,,2023107488
2026/04/04,佐賀,,1,パッカルくんのおとしもの賞(3歳),ダ,1400,,11,7,8,オルメア,トウケイヘイロー,ダンスクィーン,牝,3,54.0,飛田愛斗,佐賀池田忠好,,,2023104135
2026/04/04,佐賀,,1,パッカルくんのおとしもの賞(3歳),ダ,1400,,11,7,9,キセキノコノキセキ,キセキ,ブリッツフィナーレ,牝,3,54.0,長谷川蓮,佐賀東眞市,,,2023102645
2026/04/04,佐賀,,1,パッカルくんのおとしもの賞(3歳),ダ,1400,,11,8,10,ラヴェスターレ,エスポワールシチー,エミネントシチー,牝,3,54.0,田中純,佐賀平山宏秀,,,2023106024
2026/04/04,佐賀,,1,パッカルくんのおとしもの賞(3歳),ダ,1400,,11,8,11,フェイスイヴ,エスポワールシチー,エミネントシチー,牝,3,54.0,竹吉徹,佐賀山田徹,,,2023104478
2026/04/04,佐賀,,2,3歳ー3組,ダ,1400,,10,1,1,ホーンバッファロー,カリフォルニアクローム,Love the Chase,牡,3,56.0,長谷川蓮,佐賀矢野久美,,,2023100319
2026/04/04,佐賀,,2,3歳ー3組,ダ,1400,,10,2,2,エイトノット,マジェスティックウォリアー,Dream Supreme,牝,3,54.0,山下裕貴,佐賀山田徹,,,2023102839
2026/04/04,佐賀,,2,3歳ー3組,ダ,1400,,10,3,3,ナッククィーン,ヘニーヒューズ,Meadow Flyer,牝,3,54.0,長田進仁,佐賀中野博,,,2023101531
2026/04/04,佐賀,,2,3歳ー3組,ダ,1400,,10,4,4,ナンヨーラーク,ブリックスアンドモルタル,Beyond the Waves,牝,3,53.0,林悠翔,佐賀渡辺博文,,,2023102598
2026/04/04,佐賀,,2,3歳ー3組,ダ,1400,,10,5,5,ブバルディアローズ,キタサンミカヅキ,キタサンジュエリー,牝,3,54.0,飛田愛斗,佐賀手島勝利,,,2023101194
2026/04/04,佐賀,,2,3歳ー3組,ダ,1400,,10,6,6,テクノアップル,リアルスティール,ラヴズオンリーミー,牝,3,54.0,中山蓮王,佐賀手島勝利,,,2023102735
2026/04/04,佐賀,,2,3歳ー3組,ダ,1400,,10,7,7,エルステッド,ネロ,ニシノタカラヅカ,牡,3,56.0,田中直人,佐賀手島勝利,,,2023109084
2026/04/04,佐賀,,2,3歳ー3組,ダ,1400,,10,7,8,カシノプロスペリテ,フィレンツェファイア,My Every Wish,牝,3,54.0,竹吉徹,佐賀北村欣也,,,2023100842
2026/04/04,佐賀,,2,3歳ー3組,ダ,1400,,10,8,9,アンシーン,リッチーリッチー,Nick's Nikita,牡,3,56.0,加茂飛翔,佐賀手島勝利,,,2023106719
2026/04/04,佐賀,,2,3歳ー3組,ダ,1400,,10,8,10,ショーダンビギン,アメリカンペイトリオット,Life Well Lived,牝,3,54.0,金山昇馬,佐賀池田忠好,,,2023102728
2026/04/04,佐賀,,3,C2ー17組,ダ,1400,,12,1,1,ヘレンテソーロ,イスラボニータ,イスラコジーン,牝,4,54.0,田中直人,佐賀土井道隆,,,2022102259
2026/04/04,佐賀,,3,C2ー17組,ダ,1400,,12,2,2,ピュアコレクション,スワーヴリチャード,ピラミマ,牝,4,54.0,山下裕貴,佐賀九日俊光,,,2022105497
2026/04/04,佐賀,,3,C2ー17組,ダ,1400,,12,3,3,ハリーフラッグ,モーリス,メジロフランシス,牝,4,54.0,金山昇馬,佐賀池田忠好,,,2022100640
2026/04/04,佐賀,,3,C2ー17組,ダ,1400,,12,4,4,スマートブリーズ,ロードカナロア,レディブラッサム,セ,8,56.0,加茂飛翔,佐賀頼本盛行,,,2018106518
2026/04/04,佐賀,,3,C2ー17組,ダ,1400,,12,5,5,クラウンマカナ,クラウンレガーロ,エクストラニュース,セ,4,53.0,後藤武蔵,佐賀大垣敏夫,,,2022101283
2026/04/04,佐賀,,3,C2ー17組,ダ,1400,,12,5,6,メイクアストーリー,バゴ,Moonlight's Box,牡,6,56.0,田中純,佐賀柳井宏之,,,2020102415
2026/04/04,佐賀,,3,C2ー17組,ダ,1400,,12,6,7,キリシマコトブキ,ケイムホーム,Nice Assay,牝,7,54.0,小松丈二,佐賀柳井宏之,,,2019109151
2026/04/04,佐賀,,3,C2ー17組,ダ,1400,,12,6,8,シャドウクロス,トーセンラー,プリンセスオリビア,牡,5,56.0,石川慎将,佐賀真島正徳,,,2021105063
2026/04/04,佐賀,,3,C2ー17組,ダ,1400,,12,7,9,ランブータン,ルーラーシップ,エアグルーヴ,牡,4,56.0,竹吉徹,佐賀真島正徳,,,2022102505
2026/04/04,佐賀,,3,C2ー17組,ダ,1400,,12,7,10,ジュンカチガラス,ディーマジェスティ,エルメスティアラ,牝,4,54.0,中山蓮王,佐賀川田孝好,,,2022106970
2026/04/04,佐賀,,3,C2ー17組,ダ,1400,,12,8,11,ウインクレドール,モーリス,メジロフランシス,牡,4,56.0,山口勲,佐賀九日俊光,,,2022106211
2026/04/04,佐賀,,3,C2ー17組,ダ,1400,,12,8,12,カレンデリスモンド,ジャスタウェイ,シビル,牡,5,56.0,長田進仁,佐賀中野博,,,2021105137
2026/04/04,佐賀,,4,チューリップ特別(B),ダ,1400,,12,1,1,アマルフィー,ビーチパトロール,Bashful Bertie,牡,5,56.0,竹吉徹,佐賀真島元徳,,,2021106081
2026/04/04,佐賀,,4,チューリップ特別(B),ダ,1400,,12,2,2,キタノライアン,ローレルゲレイロ,ビッグテンビー,セ,9,56.0,山下裕貴,佐賀渡辺博文,,,2017104173
2026/04/04,佐賀,,4,チューリップ特別(B),ダ,1400,,12,3,3,アネロイド,ケイムホーム,Nice Assay,牡,6,56.0,田中直人,佐賀手島勝利,,,2020109114
2026/04/04,佐賀,,4,チューリップ特別(B),ダ,1400,,12,4,4,エスシーヤマト,コパノリッキー,コパノニキータ,牝,5,53.0,林悠翔,佐賀鮫島克也,,,2021100845
2026/04/04,佐賀,,4,チューリップ特別(B),ダ,1400,,12,5,5,テクノエンジェル,バンブーエール,レインボーウッド,牝,4,54.0,出水拓人,佐賀真島正徳,,,2022103915
2026/04/04,佐賀,,4,チューリップ特別(B),ダ,1400,,12,5,6,ケイアイアンタレス,マジェスティックウォリアー,Dream Supreme,牡,5,56.0,飛田愛斗,佐賀鮫島克也,,,2021106565
2026/04/04,佐賀,,4,チューリップ特別(B),ダ,1400,,12,6,7,バージャンフォース,ロードカナロア,レディブラッサム,セ,6,56.0,金山昇馬,佐賀池田忠好,,,2020102794
2026/04/04,佐賀,,4,チューリップ特別(B),ダ,1400,,12,6,8,エイシンシュトルム,エイシンヒカリ,キャタリナ,牡,7,56.0,長谷川蓮,佐賀東眞市,,,2019103451
2026/04/04,佐賀,,4,チューリップ特別(B),ダ,1400,,12,7,9,ポケットカラキュン,ジャングルポケット,ダンスチャーマー,牝,7,54.0,小松丈二,佐賀柳井宏之,,,2019103581
2026/04/04,佐賀,,4,チューリップ特別(B),ダ,1400,,12,7,10,グレンノアラシ,スクリーンヒーロー,ランニングヒロイン,牡,5,56.0,石川慎将,佐賀真島元徳,,,2021106804
2026/04/04,佐賀,,4,チューリップ特別(B),ダ,1400,,12,8,11,オールスティール,リアルスティール,ラヴズオンリーミー,牡,6,56.0,山口勲,佐賀真島正徳,,,2020107142
2026/04/04,佐賀,,4,チューリップ特別(B),ダ,1400,,12,8,12,ロッソ,トーセンラー,プリンセスオリビア,牡,6,55.0,青海大樹,佐賀池田忠好,,,2020102534
2026/04/04,佐賀,,5,C2ー16組,ダ,1300,,12,1,1,エールヴェガ,サトノクラウン,ジョコンダII,牝,4,54.0,山下裕貴,佐賀頼本盛行,,,2022105886
2026/04/04,佐賀,,5,C2ー16組,ダ,1300,,12,2,2,グレースサンライズ,アドマイヤマーズ,ヴィアメディチ,牝,4,54.0,長田進仁,佐賀川田孝好,,,2022101428
2026/04/04,佐賀,,5,C2ー16組,ダ,1300,,12,3,3,エスプラネード,レイデオロ,ラドラーダ,牝,4,51.0,後藤武蔵,佐賀手島勝利,,,2022106535
2026/04/04,佐賀,,5,C2ー16組,ダ,1300,,12,4,4,バーチャルアイドル,スワーヴリチャード,ピラミマ,牝,4,54.0,長谷川蓮,佐賀北村欣也,,,2022106692
2026/04/04,佐賀,,5,C2ー16組,ダ,1300,,12,5,5,ケイアイテア,タワーオブロンドン,スノーパイン,牡,4,56.0,加茂飛翔,佐賀大島静夫,,,2022106576
2026/04/04,佐賀,,5,C2ー16組,ダ,1300,,12,5,6,ゴルドヴァッサー,エピカリス,スターペスミツコ,牝,5,54.0,竹吉徹,佐賀山田徹,,,2021102663
2026/04/04,佐賀,,5,C2ー16組,ダ,1300,,12,6,7,マーヒナヒナ,マジェスティックウォリアー,Dream Supreme,牝,6,54.0,中山蓮王,佐賀川田孝好,,,2020104782
2026/04/04,佐賀,,5,C2ー16組,ダ,1300,,12,6,8,アユツリムスメ,モズアスコット,India,牝,4,54.0,田中純,佐賀手島勝利,,,2022100237
2026/04/04,佐賀,,5,C2ー16組,ダ,1300,,12,7,9,サンレンブイ,シュヴァルグラン,ハルーワスウィート,牝,4,54.0,小松丈二,佐賀大垣敏夫,,,2022103690
2026/04/04,佐賀,,5,C2ー16組,ダ,1300,,12,7,10,レインボーカロル,レインボーライン,レーゲンボーゲン,牝,5,54.0,出水拓人,佐賀頼本盛行,,,2021100712
2026/04/04,佐賀,,5,C2ー16組,ダ,1300,,12,8,11,ナックグランデ,シュヴァルグラン,ハルーワスウィート,牡,4,56.0,田中直人,佐賀中野博,,,2022101507
2026/04/04,佐賀,,5,C2ー16組,ダ,1300,,12,8,12,モリブトバクカジ,ダンカーク,Secret Status,牡,4,55.0,青海大樹,佐賀東美義,,,2022103338
2026/04/04,佐賀,,6,C2ー15組,ダ,1300,,12,1,1,ジェイエルタイド,ノーブルミッション,Kind,牝,4,54.0,加茂飛翔,佐賀大島静夫,,,2022101811
2026/04/04,佐賀,,6,C2ー15組,ダ,1300,,12,2,2,ジーティーレイナ,ドレフォン,Eltimaas,牝,4,51.0,後藤武蔵,佐賀真島元徳,,,2022100015
2026/04/04,佐賀,,6,C2ー15組,ダ,1300,,12,3,3,キタノレガーロ,ホッコータルマエ,マダムチェロキー,牝,5,54.0,中山蓮王,佐賀平山宏秀,,,2021106455
2026/04/04,佐賀,,6,C2ー15組,ダ,1300,,12,4,4,ノーブルアイガー,ニューイヤーズデイ,Justwhistledixie,牡,4,56.0,山下裕貴,佐賀鮫島克也,,,2022106549
2026/04/04,佐賀,,6,C2ー15組,ダ,1300,,12,5,5,ウイングラフトン,マツリダゴッホ,ペイパーレイン,牡,4,56.0,長谷川蓮,佐賀頼本盛行,,,2022106747
2026/04/04,佐賀,,6,C2ー15組,ダ,1300,,12,5,6,マイネルガンナー,ゴールドシップ,ポイントフラッグ,牡,5,56.0,小松丈二,佐賀柳井宏之,,,2021106775
2026/04/04,佐賀,,6,C2ー15組,ダ,1300,,12,6,7,アデニウム,アルアイン,ドバイマジェスティ,牝,4,54.0,出水拓人,佐賀中川竜馬,,,2022105272
2026/04/04,佐賀,,6,C2ー15組,ダ,1300,,12,6,8,レインチェック,Postponed,Ever Rigg,牝,4,54.0,竹吉徹,佐賀渡辺博文,,,2022101702
2026/04/04,佐賀,,6,C2ー15組,ダ,1300,,12,7,9,ジャヴァンナ,サトノアラジン,マジックストーム,牝,5,53.0,青海大樹,佐賀北村欣也,,,2021102769
2026/04/04,佐賀,,6,C2ー15組,ダ,1300,,12,7,10,レネガード,ゴールドシップ,ポイントフラッグ,牡,4,56.0,長田進仁,佐賀井樋明正,,,2022101101
2026/04/04,佐賀,,6,C2ー15組,ダ,1300,,12,8,11,メイズ,ロジャーバローズ,リトルブック,牝,4,53.0,林悠翔,佐賀井樋明正,,,2022104322
2026/04/04,佐賀,,6,C2ー15組,ダ,1300,,12,8,12,ニシノイッキサス,Sottsass,Starlet's Sister,牡,4,56.0,山口勲,佐賀真島元徳,,,2022102221
2026/04/04,佐賀,,7,C1ー4組,ダ,1400,,11,1,1,ウイニングザソウル,ダノンレジェンド,マイグッドネス,牝,6,51.0,後藤武蔵,佐賀真島元徳,,,2020102083
2026/04/04,佐賀,,7,C1ー4組,ダ,1400,,11,2,2,テイラーテソーロ,ヴィクトワールピサ,ホワイトウォーターアフェア,牡,5,56.0,山口勲,佐賀東眞市,,,2021102273
2026/04/04,佐賀,,7,C1ー4組,ダ,1400,,11,3,3,リネンスピリット,キンシャサノキセキ,ケルトシャーン,牡,6,56.0,田中純,佐賀濱田一夫,,,2020101338
2026/04/04,佐賀,,7,C1ー4組,ダ,1400,,11,4,4,タケノエイコウ,ロードバリオス,レディブラッサム,牡,6,56.0,川島拓,佐賀北村欣也,,,2020109122
2026/04/04,佐賀,,7,C1ー4組,ダ,1400,,11,5,5,ケンタッキーダンス,アポロケンタッキー,Dixiana Delight,牝,5,54.0,飛田愛斗,佐賀松島壽,,,2021104349
2026/04/04,佐賀,,7,C1ー4組,ダ,1400,,11,6,6,ガマダス,サトノアラジン,マジックストーム,牡,4,55.0,青海大樹,佐賀東美義,,,2022101026
2026/04/04,佐賀,,7,C1ー4組,ダ,1400,,11,6,7,フランシナテソーロ,ダノンバラード,レディバラード,牝,4,53.0,林悠翔,佐賀鮫島克也,,,2022106913
2026/04/04,佐賀,,7,C1ー4組,ダ,1400,,11,7,8,アスタイクウス,タワーオブロンドン,スノーパイン,牡,4,56.0,石川慎将,佐賀真島二也,,,2022106143
2026/04/04,佐賀,,7,C1ー4組,ダ,1400,,11,7,9,マーキュリーセブン,フサイチセブン,ディボーステスティモニー,セ,9,56.0,田中直人,佐賀倉富隆一,,,2017105829
2026/04/04,佐賀,,7,C1ー4組,ダ,1400,,11,8,10,サンサンタイヨウ,メイショウボーラー,ナイスレイズ,牝,7,54.0,長田進仁,佐賀中野博,,,2019102594
2026/04/04,佐賀,,7,C1ー4組,ダ,1400,,11,8,11,マナマカナ,クリエイターII,Morena,牝,5,54.0,竹吉徹,佐賀真島二也,,,2021103135
2026/04/04,佐賀,,8,幸せの日賞(C1),ダ,1400,,11,1,1,アファン,ヘニーヒューズ,Meadow Flyer,牝,7,54.0,飛田愛斗,佐賀平山宏秀,,,2019101015
2026/04/04,佐賀,,8,幸せの日賞(C1),ダ,1400,,11,2,2,サブアトミック,ニューイヤーズデイ,Justwhistledixie,牝,4,54.0,長田進仁,佐賀大島静夫,,,2022101636
2026/04/04,佐賀,,8,幸せの日賞(C1),ダ,1400,,11,3,3,ニューホライゾン,ビーチパトロール,Bashful Bertie,牝,6,54.0,小松丈二,佐賀大垣敏夫,,,2020103878
2026/04/04,佐賀,,8,幸せの日賞(C1),ダ,1400,,11,4,4,ビービークラージュ,カジノドライヴ,Better Than Honour,牡,8,56.0,出水拓人,佐賀中川竜馬,,,2018100210
2026/04/04,佐賀,,8,幸せの日賞(C1),ダ,1400,,11,5,5,フィルモアテソーロ,ヴィクトワールピサ,ホワイトウォーターアフェア,牡,5,56.0,山口勲,佐賀東眞市,,,2021102803
2026/04/04,佐賀,,8,幸せの日賞(C1),ダ,1400,,11,6,6,ソルナシエンテ,ニューイヤーズデイ,Justwhistledixie,牡,4,56.0,石川慎将,佐賀九日俊光,,,2022104742
2026/04/04,佐賀,,8,幸せの日賞(C1),ダ,1400,,11,6,7,トリオ,アグニシャイン,ガールオンファイア,牡,5,56.0,田中純,佐賀九日俊光,,,2021107190
2026/04/04,佐賀,,8,幸せの日賞(C1),ダ,1400,,11,7,8,リトルアイドル,ブリックスアンドモルタル,Beyond the Waves,牝,5,54.0,加茂飛翔,佐賀大島静夫,,,2021107209
2026/04/04,佐賀,,8,幸せの日賞(C1),ダ,1400,,11,7,9,ポムヴェルト,ベストウォーリア,フラーテイシャスミス,牝,5,54.0,田中直人,佐賀川田孝好,,,2021107365
2026/04/04,佐賀,,8,幸せの日賞(C1),ダ,1400,,11,8,10,サンブリンガー,ダイワメジャー,スカーレットブーケ,牡,4,56.0,山下裕貴,佐賀鮫島克也,,,2022106660
2026/04/04,佐賀,,8,幸せの日賞(C1),ダ,1400,,11,8,11,サウンドイヴォーク,ブリックスアンドモルタル,Beyond the Waves,牡,5,56.0,長谷川蓮,佐賀東眞市,,,2021103241
2026/04/04,佐賀,,9,サガデーナイト競馬賞,ダ,1400,,9,1,1,テイエムダイタカ,ホッコータルマエ,マダムチェロキー,牡,4,56.0,石川慎将,佐賀平山宏秀,,,2022103678
2026/04/04,佐賀,,9,サガデーナイト競馬賞,ダ,1400,,9,2,2,ウインヒメユリ,ロージズインメイ,Tell a Secret,牝,8,53.0,川島拓,佐賀中川竜馬,,,2018101619
2026/04/04,佐賀,,9,サガデーナイト競馬賞,ダ,1400,,9,3,3,タガノヒナタ,ニューイヤーズデイ,Justwhistledixie,牝,5,53.0,田中純,佐賀九日俊光,,,2021106542
2026/04/04,佐賀,,9,サガデーナイト競馬賞,ダ,1400,,9,4,4,マイネルダグラス,スクリーンヒーロー,ランニングヒロイン,牡,8,56.0,出水拓人,佐賀中川竜馬,,,2018102148
2026/04/04,佐賀,,9,サガデーナイト競馬賞,ダ,1400,,9,5,5,メイショウアイク,パイロ,Wild Vision,牡,4,55.0,金山昇馬,佐賀池田忠好,,,2022103134
2026/04/04,佐賀,,9,サガデーナイト競馬賞,ダ,1400,,9,6,6,ファーストリッキー,コパノリッキー,コパノニキータ,セ,7,55.0,長谷川蓮,佐賀東眞市,,,2019101107
2026/04/04,佐賀,,9,サガデーナイト競馬賞,ダ,1400,,9,7,7,サウンドノバ,エピファネイア,シーザリオ,牡,5,55.0,山下裕貴,佐賀九日俊光,,,2021103250
2026/04/04,佐賀,,9,サガデーナイト競馬賞,ダ,1400,,9,8,8,イサチルプリンス,パイロ,Wild Vision,セ,8,55.0,山口勲,佐賀九日俊光,,,2018103831
2026/04/04,佐賀,,9,サガデーナイト競馬賞,ダ,1400,,9,8,9,カガカプチーノ,ジョーカプチーノ,ジョープシケ,牡,5,55.0,飛田愛斗,佐賀松島壽,,,2021101953
2026/04/04,佐賀,,10,エイプリル特選(C1),ダ,1750,,12,1,1,ファイナルソード,ジャスタウェイ,シビル,牡,6,56.0,竹吉徹,佐賀山田徹,,,2020106878
2026/04/04,佐賀,,10,エイプリル特選(C1),ダ,1750,,12,2,2,リンガススウィート,シニスターミニスター,Sweet Minister,牝,6,53.0,青海大樹,佐賀三小田幸,,,2020101470
2026/04/04,佐賀,,10,エイプリル特選(C1),ダ,1750,,12,3,3,トライコーン,コパノリッキー,コパノニキータ,牡,6,56.0,長谷川蓮,佐賀東眞市,,,2020100386
2026/04/04,佐賀,,10,エイプリル特選(C1),ダ,1750,,12,4,4,ディアマイサン,ハービンジャー,Penang Pearl,牡,6,56.0,出水拓人,佐賀中川竜馬,,,2020102570
2026/04/04,佐賀,,10,エイプリル特選(C1),ダ,1750,,12,5,5,タケノライコウ,ミッキーロケット,マネーキャントバイミーラヴ,牡,6,56.0,金山昇馬,佐賀北村欣也,,,2020100087
2026/04/04,佐賀,,10,エイプリル特選(C1),ダ,1750,,12,5,6,ヴィアトル,サトノアラジン,マジックストーム,牝,4,54.0,川島拓,佐賀真島正徳,,,2022105833
2026/04/04,佐賀,,10,エイプリル特選(C1),ダ,1750,,12,6,7,ヒロニャン,ワールドエース,マンデラ,牡,4,56.0,石川慎将,佐賀北村欣也,,,2022104061
2026/04/04,佐賀,,10,エイプリル特選(C1),ダ,1750,,12,6,8,コースタルタウン,ドレフォン,Eltimaas,牝,6,54.0,田中直人,佐賀三小田幸,,,2020102600
2026/04/04,佐賀,,10,エイプリル特選(C1),ダ,1750,,12,7,9,ナッシングオンユー,ペルーサ,アルゼンチンスター,牝,8,54.0,飛田愛斗,佐賀渡辺博文,,,2018101365
2026/04/04,佐賀,,10,エイプリル特選(C1),ダ,1750,,12,7,10,アスコットロマン,モズアスコット,India,牡,4,56.0,中山蓮王,佐賀手島勝利,,,2022101287
2026/04/04,佐賀,,10,エイプリル特選(C1),ダ,1750,,12,8,11,デッドフレイ,カレンブラックヒル,チャールストンハーバー,牡,5,55.0,林悠翔,佐賀鮫島克也,,,2021106158
2026/04/04,佐賀,,10,エイプリル特選(C1),ダ,1750,,12,8,12,エミネンスローズ,キンシャサノキセキ,ケルトシャーン,牝,4,54.0,加茂飛翔,佐賀北村欣也,,,2022101162
2026/04/04,佐賀,,11,SAGAリベンジャーズドリーム(C2),ダ,1400,,11,1,1,ヴィオレトピア,ノーブルミッション,Kind,牝,4,54.0,田中純,佐賀柳井宏之,,,2022100108
2026/04/04,佐賀,,11,SAGAリベンジャーズドリーム(C2),ダ,1400,,11,2,2,ウィンカラー,サンダースノー,Eastern Joy,牝,5,54.0,山下裕貴,佐賀大垣敏夫,,,2021102702
2026/04/04,佐賀,,11,SAGAリベンジャーズドリーム(C2),ダ,1400,,11,3,3,エイシンコラソン,ミッキーアイル,スターアイル,牝,5,54.0,長田進仁,佐賀頼本盛行,,,2021100283
2026/04/04,佐賀,,11,SAGAリベンジャーズドリーム(C2),ダ,1400,,11,4,4,チェリースクワート,チェリークラウン,シュンラン,牡,6,56.0,長谷川蓮,佐賀頼本盛行,,,2020100860
2026/04/04,佐賀,,11,SAGAリベンジャーズドリーム(C2),ダ,1400,,11,5,5,ウインダンスタイム,マインドユアビスケッツ,Jazzmane,牝,6,54.0,田中直人,佐賀三小田幸,,,2020105204
2026/04/04,佐賀,,11,SAGAリベンジャーズドリーム(C2),ダ,1400,,11,6,6,ヴィアツァ,ダノンバラード,レディバラード,牝,4,54.0,加茂飛翔,佐賀頼本盛行,,,2022106766
2026/04/04,佐賀,,11,SAGAリベンジャーズドリーム(C2),ダ,1400,,11,6,7,パドマーワト,シビルウォー,チケットトゥダンス,牝,8,54.0,小松丈二,佐賀柳井宏之,,,2018101420
2026/04/04,佐賀,,11,SAGAリベンジャーズドリーム(C2),ダ,1400,,11,7,8,フミタツブーケトス,トゥザワールド,トゥザヴィクトリー,牝,4,54.0,金山昇馬,佐賀頼本盛行,,,2022102332
2026/04/04,佐賀,,11,SAGAリベンジャーズドリーム(C2),ダ,1400,,11,7,9,モダンレディ,ノーブルミッション,Kind,牝,4,54.0,飛田愛斗,佐賀渡辺博文,,,2022107281
2026/04/04,佐賀,,11,SAGAリベンジャーズドリーム(C2),ダ,1400,,11,8,10,パレットキャット,タリスマニック,Magic Mission,牝,5,53.0,林悠翔,佐賀渡辺博文,,,2021102699
2026/04/04,佐賀,,11,SAGAリベンジャーズドリーム(C2),ダ,1400,,11,8,11,キタノヴァルカン,ラブリーデイ,ポップコーンジャズ,牡,4,56.0,中山蓮王,佐賀平山宏秀,,,2022100029
2026/04/04,中山,晴,1,3歳未勝利,ダ,1200,重,16,1,1,アンパシオンス,キタサンブラック,シュガーハート,牝,3,52.0,▲佐藤,美浦田島,,,2023106055
2026/04/04,中山,晴,1,3歳未勝利,ダ,1200,重,16,1,2,ハナムラサキ,レーヴミストラル,レーヴドスカー,牝,3,55.0,丸山,美浦和田雄,,,2023100723
2026/04/04,中山,晴,1,3歳未勝利,ダ,1200,重,16,2,3,フェルアフリーゼ,ドレフォン,Eltimaas,牝,3,52.0,▲石神道,美浦深山,,,2023107029
2026/04/04,中山,晴,1,3歳未勝利,ダ,1200,重,16,2,4,ピコラアルテ,カリフォルニアクローム,Love the Chase,牝,3,52.0,▲上里,美浦上原博,,,2023106021
2026/04/04,中山,晴,1,3歳未勝利,ダ,1200,重,16,3,5,アドミ,アドマイヤマーズ,ヴィアメディチ,牝,3,55.0,三浦,美浦中川,,,2023100283
2026/04/04,中山,晴,1,3歳未勝利,ダ,1200,重,16,3,6,キタノシオン,アジアエクスプレス,ランニングボブキャッツ,牝,3,55.0,木幡初,美浦本間,,,2023101411
2026/04/04,中山,晴,1,3歳未勝利,ダ,1200,重,16,4,7,マメーアップル,マテラスカイ,Mostaqeleh,牝,3,52.0,▲小林美,美浦岩戸,,,2023100924
2026/04/04,中山,晴,1,3歳未勝利,ダ,1200,重,16,4,8,カンレイスター,シスキン,Bird Flown,牝,3,55.0,横山武,美浦矢野,,,2023105558
2026/04/04,中山,晴,1,3歳未勝利,ダ,1200,重,16,5,9,ウィザードオブマリ,エーシントップ,Ecology,牝,3,52.0,▲大久保,美浦蛯名利,,,2023100805
2026/04/04,中山,晴,1,3歳未勝利,ダ,1200,重,16,5,10,ベイビーシスター,ビッグアーサー,シヤボナ,牝,3,55.0,伊藤,美浦林,,,2023103072
2026/04/04,中山,晴,1,3歳未勝利,ダ,1200,重,16,6,11,マーマレードスカイ,レッドファルクス,ベルモット,牝,3,55.0,松岡,美浦堀内,,,2023103574
2026/04/04,中山,晴,1,3歳未勝利,ダ,1200,重,16,6,12,エコロセレナ,コントレイル,ロードクロサイト,牝,3,55.0,岩田康,美浦斎藤誠,,,2023107403
2026/04/04,中山,晴,1,3歳未勝利,ダ,1200,重,16,7,13,マリノフォルトゥナ,ダノンレジェンド,マイグッドネス,牝,3,53.0,△舟山,美浦水野,,,2023100808
2026/04/04,中山,晴,1,3歳未勝利,ダ,1200,重,16,7,14,ニシノゲッパク,セイウンコウセイ,オブザーヴァント,牝,3,52.0,▲遠藤,美浦伊藤伸,,,2023106259
2026/04/04,中山,晴,1,3歳未勝利,ダ,1200,重,16,8,15,オレンジリバー,スワーヴリチャード,ピラミマ,牝,3,53.0,△長浜,美浦黒岩,,,2023103727
2026/04/04,中山,晴,1,3歳未勝利,ダ,1200,重,16,8,16,ジュンオルレアン,ディーマジェスティ,エルメスティアラ,牝,3,52.0,▲石田,美浦中舘,,,2023104769
2026/04/04,中山,晴,2,3歳未勝利,ダ,1800,重,14,1,1,キョウエイシュバル,リアルスティール,ラヴズオンリーミー,牡,3,55.0,△長浜,美浦萱野,,,2023100303
2026/04/04,中山,晴,2,3歳未勝利,ダ,1800,重,14,2,2,ノーブルスアーク,シルバーステート,シルヴァースカヤ,牝,3,55.0,小林凌,美浦尾形,,,2023103651
2026/04/04,中山,晴,2,3歳未勝利,ダ,1800,重,14,3,3,ノーブルジャッカル,サトノダイヤモンド,マルペンサ,セ,3,57.0,武藤,美浦武藤,,,2023100056
2026/04/04,中山,晴,2,3歳未勝利,ダ,1800,重,14,3,4,シシリアンキッス,イスラボニータ,イスラコジーン,牝,3,55.0,小林脩,美浦佐藤吉,,,2023104616
2026/04/04,中山,晴,2,3歳未勝利,ダ,1800,重,14,4,5,アオハルブルース,ゴールドドリーム,モンヴェール,牡,3,57.0,田辺,美浦栗田,,,2023102313
2026/04/04,中山,晴,2,3歳未勝利,ダ,1800,重,14,4,6,ケイジ,マジェスティックウォリアー,Dream Supreme,牡,3,54.0,▲遠藤,美浦高柳瑞,,,2023100037
2026/04/04,中山,晴,2,3歳未勝利,ダ,1800,重,14,5,7,プリンセスダーコ,マクフィ,Dhelaal,牝,3,55.0,原,美浦清水英,,,2023109055
2026/04/04,中山,晴,2,3歳未勝利,ダ,1800,重,14,5,8,ファントムヴォルト,クリソベリル,クリソプレーズ,牡,3,57.0,横山琉,栗東松下,,,2023103502
2026/04/04,中山,晴,2,3歳未勝利,ダ,1800,重,14,6,9,トーセンアミューズ,ダイワメジャー,スカーレットブーケ,牡,3,57.0,木幡巧,美浦加藤征,,,2023105959
2026/04/04,中山,晴,2,3歳未勝利,ダ,1800,重,14,6,10,ロードリュイール,ジャスタウェイ,シビル,牡,3,55.0,△舟山,美浦田中博,,,2023105831
2026/04/04,中山,晴,2,3歳未勝利,ダ,1800,重,14,7,11,ゴールドドレッサ,ゴールドドリーム,モンヴェール,牝,3,52.0,▲石田,美浦中川,,,2023102432
2026/04/04,中山,晴,2,3歳未勝利,ダ,1800,重,14,7,12,アドマイヤウルトラ,リオンディーズ,シーザリオ,牡,3,57.0,丹内,美浦宮田,,,2023106836
2026/04/04,中山,晴,2,3歳未勝利,ダ,1800,重,14,8,13,ドウドウファイト,ミッキーグローリー,メリッサ,牡,3,57.0,木幡初,美浦武市,,,2023104738
2026/04/04,中山,晴,2,3歳未勝利,ダ,1800,重,14,8,14,ガーディアンテイル,クリソベリル,クリソプレーズ,牡,3,57.0,岩田康,美浦小手川,,,2023106958
2026/04/04,中山,晴,3,3歳未勝利,ダ,1200,重,16,1,1,エコロバロン,フォーウィールドライブ,Funfair,牡,3,57.0,菊沢,美浦菊沢,,,2023104992
2026/04/04,中山,晴,3,3歳未勝利,ダ,1200,重,16,1,2,ライカ,サンダースノー,Eastern Joy,牡,3,57.0,大野,美浦杉浦,,,2023104042
2026/04/04,中山,晴,3,3歳未勝利,ダ,1200,重,16,2,3,クリオロゴールド,ロードカナロア,レディブラッサム,牡,3,57.0,横山武,美浦高柳瑞,,,2023105795
2026/04/04,中山,晴,3,3歳未勝利,ダ,1200,重,16,2,4,ヨルヴィック,ナダル,Ascending Angel,牝,3,53.0,△舟山,美浦稲垣,,,2023107242
2026/04/04,中山,晴,3,3歳未勝利,ダ,1200,重,16,3,5,ココラッシー,ゴールドドリーム,モンヴェール,牡,3,57.0,丹内,美浦室井,,,2023104040
2026/04/04,中山,晴,3,3歳未勝利,ダ,1200,重,16,3,6,ツクバアヴァロン,キセキ,ブリッツフィナーレ,牡,3,57.0,小林脩,美浦奥平,,,2023102721
2026/04/04,中山,晴,3,3歳未勝利,ダ,1200,重,16,4,7,ソーマッチ,ロジャーバローズ,リトルブック,牝,3,52.0,▲遠藤,美浦鈴木伸,,,2023104870
2026/04/04,中山,晴,3,3歳未勝利,ダ,1200,重,16,4,8,テンカラットレター,バゴ,Moonlight's Box,牡,3,57.0,木幡初,美浦本間,,,2023104554
2026/04/04,中山,晴,3,3歳未勝利,ダ,1200,重,16,5,9,スウィートラキ,スマートファルコン,ケイシュウハーブ,牝,3,53.0,△長浜,美浦堀内,,,2023101489
2026/04/04,中山,晴,3,3歳未勝利,ダ,1200,重,16,5,10,カーボフリオ,ナダル,Ascending Angel,牝,3,55.0,津村,美浦高木,,,2023103404
2026/04/04,中山,晴,3,3歳未勝利,ダ,1200,重,16,6,11,ビタミンドロップ,エスポワールシチー,エミネントシチー,牡,3,57.0,野中,美浦松山,,,2023105630
2026/04/04,中山,晴,3,3歳未勝利,ダ,1200,重,16,6,12,タツナナイロ,タツゴウゲキ,ニシノプルメリア,牝,3,55.0,江田照,美浦的場,,,2023104369
2026/04/04,中山,晴,3,3歳未勝利,ダ,1200,重,16,7,13,コロッセウム,ポエティックフレア,Maria Lee,牡,3,57.0,石橋脩,美浦清水英,,,2023103337
2026/04/04,中山,晴,3,3歳未勝利,ダ,1200,重,16,7,14,トコシエノヒトミ,ゴールドドリーム,モンヴェール,牝,3,55.0,団野,美浦小笠,,,2023102699
2026/04/04,中山,晴,3,3歳未勝利,ダ,1200,重,16,8,15,ホカミテダメ,インディチャンプ,ウィルパワー,牝,3,55.0,丸田,美浦田中勝,,,2023105780
2026/04/04,中山,晴,3,3歳未勝利,ダ,1200,重,16,8,16,ヴィラロボス,アジアエクスプレス,ランニングボブキャッツ,牝,3,55.0,原,美浦小手川,,,2023105663
2026/04/04,中山,晴,4,4歳以上障害未勝利,障,2880,稍,14,1,1,エンジョイドライブ,フォーウィールドライブ,Funfair,牡,4,59.0,小野寺,栗東宮本,,,2022102713
2026/04/04,中山,晴,4,4歳以上障害未勝利,障,2880,稍,14,2,2,アルシミスト,オルフェーヴル,オリエンタルアート,セ,5,57.0,▲坂口,美浦浅利,,,2021105805
2026/04/04,中山,晴,4,4歳以上障害未勝利,障,2880,稍,14,3,3,ユナホークパワー,イスラボニータ,イスラコジーン,牝,4,57.0,▲小林凌,美浦和田雄,,,2022105927
2026/04/04,中山,晴,4,4歳以上障害未勝利,障,2880,稍,14,3,4,メイショウゲキリン,キズナ,キャットクイル,牡,7,60.0,小牧加,栗東笹田,,,2019104092
2026/04/04,中山,晴,4,4歳以上障害未勝利,障,2880,稍,14,4,5,フォルガイル,レイデオロ,ラドラーダ,牡,5,60.0,五十嵐,美浦加藤和,,,2021101164
2026/04/04,中山,晴,4,4歳以上障害未勝利,障,2880,稍,14,4,6,ラキアレクサンダー,デクラレーションオブウォー,Tempo West,牡,5,60.0,上野,美浦竹内,,,2021106128
2026/04/04,中山,晴,4,4歳以上障害未勝利,障,2880,稍,14,5,7,ジオパーククラウン,サトノクラウン,ジョコンダII,牡,6,60.0,難波,美浦清水英,,,2020106131
2026/04/04,中山,晴,4,4歳以上障害未勝利,障,2880,稍,14,5,8,アバットゥータ,ハービンジャー,Penang Pearl,牡,4,57.0,▲井上,栗東中竹,,,2022101139
2026/04/04,中山,晴,4,4歳以上障害未勝利,障,2880,稍,14,6,9,プラウドヘリテージ,ジャスタウェイ,シビル,牡,7,60.0,江田勇,美浦田中剛,,,2019101875
2026/04/04,中山,晴,4,4歳以上障害未勝利,障,2880,稍,14,6,10,マテンロウノカゼ,ドゥラメンテ,アドマイヤグルーヴ,牡,5,60.0,森一,栗東昆,,,2021107052
2026/04/04,中山,晴,4,4歳以上障害未勝利,障,2880,稍,14,7,11,モンツァフレイバー,エピファネイア,シーザリオ,牡,4,59.0,草野,美浦久保田,,,2022103181
2026/04/04,中山,晴,4,4歳以上障害未勝利,障,2880,稍,14,7,12,ミレニアムヒロイン,スクリーンヒーロー,ランニングヒロイン,牝,5,58.0,石神深,美浦池上,,,2021103480
2026/04/04,中山,晴,4,4歳以上障害未勝利,障,2880,稍,14,8,13,ゴールデンステップ,ブリックスアンドモルタル,Beyond the Waves,牝,5,58.0,金子,美浦和田勇,,,2021103555
2026/04/04,中山,晴,4,4歳以上障害未勝利,障,2880,稍,14,8,14,ディベルティスマン,キズナ,キャットクイル,牡,4,59.0,伴,美浦菊沢,,,2022104000
2026/04/04,中山,晴,5,3歳未勝利,芝,1600,稍,16,1,1,ベルウッドバイオ,ダノンスマッシュ,スピニングワイルドキャット,牡,3,54.0,▲小林美,美浦高橋文,,,2023104069
2026/04/04,中山,晴,5,3歳未勝利,芝,1600,稍,16,1,2,ミダレセツゲツカ,グレーターロンドン,ロンドンブリッジ,牝,3,52.0,▲上里,美浦清水英,,,2023100896
2026/04/04,中山,晴,5,3歳未勝利,芝,1600,稍,16,2,3,ヴェガリア,リオンディーズ,シーザリオ,牝,3,55.0,西村淳,美浦栗田,,,2023104159
2026/04/04,中山,晴,5,3歳未勝利,芝,1600,稍,16,2,4,キタノアヤカ,ロゴタイプ,ステレオタイプ,牝,3,55.0,原,美浦萱野,,,2023102715
2026/04/04,中山,晴,5,3歳未勝利,芝,1600,稍,16,3,5,レッドフリーマン,ダイワメジャー,スカーレットブーケ,牡,3,57.0,荻野極,美浦大竹,,,2023105614
2026/04/04,中山,晴,5,3歳未勝利,芝,1600,稍,16,3,6,アリアス,コントレイル,ロードクロサイト,牝,3,55.0,三浦,美浦高柳瑞,,,2023104857
2026/04/04,中山,晴,5,3歳未勝利,芝,1600,稍,16,4,7,ツウキンカイソク,サトノアラジン,マジックストーム,牡,3,57.0,菊沢,美浦岩戸,,,2023104341
2026/04/04,中山,晴,5,3歳未勝利,芝,1600,稍,16,4,8,デルマツルギ,トーセンラー,プリンセスオリビア,牝,3,55.0,菅原隆,美浦蛯名利,,,2023101369
2026/04/04,中山,晴,5,3歳未勝利,芝,1600,稍,16,5,9,フリーリターン,ゴールドシップ,ポイントフラッグ,牝,3,52.0,▲大久保,美浦稲垣,,,2023107399
2026/04/04,中山,晴,5,3歳未勝利,芝,1600,稍,16,5,10,マイネルヴェーゼン,ベンバトル,Nahrain,牡,3,57.0,石川,美浦相沢,,,2023106471
2026/04/04,中山,晴,5,3歳未勝利,芝,1600,稍,16,6,11,フリーヤ,ベンバトル,Nahrain,牝,3,55.0,横山武,美浦鈴木伸,,,2023105849
2026/04/04,中山,晴,5,3歳未勝利,芝,1600,稍,16,6,12,ジーナグレイス,キセキ,ブリッツフィナーレ,牝,3,52.0,▲遠藤,美浦田中勝,,,2023107385
2026/04/04,中山,晴,5,3歳未勝利,芝,1600,稍,16,7,13,ヤマニンアレシス,イスラボニータ,イスラコジーン,牡,3,57.0,丹内,美浦堀内,,,2023104357
2026/04/04,中山,晴,5,3歳未勝利,芝,1600,稍,16,7,14,デルマテイネ,ストロングリターン,コートアウト,牡,3,57.0,的場,美浦的場,,,2023101361
2026/04/04,中山,晴,5,3歳未勝利,芝,1600,稍,16,8,15,ムーングレイル,ミッキーアイル,スターアイル,セ,3,54.0,▲石神道,美浦森一,,,2023102843
2026/04/04,中山,晴,5,3歳未勝利,芝,1600,稍,16,8,16,スコアレジーナ,サートゥルナーリア,シーザリオ,牝,3,53.0,△長浜,美浦矢野,,,2023101925
2026/04/04,中山,晴,6,3歳未勝利,ダ,1800,重,13,1,1,コパノミラノ,コパノリッキー,コパノニキータ,牡,3,57.0,柴田大,美浦上原博,,,2023101578
2026/04/04,中山,晴,6,3歳未勝利,ダ,1800,重,13,2,2,マイネルモンブラン,ブリックスアンドモルタル,Beyond the Waves,牡,3,54.0,▲石神道,美浦鈴木慎,,,2023106449
2026/04/04,中山,晴,6,3歳未勝利,ダ,1800,重,13,3,3,クアッドフォルツァ,ゴールドドリーム,モンヴェール,牡,3,54.0,▲佐藤,美浦伊藤圭,,,2023101301
2026/04/04,中山,晴,6,3歳未勝利,ダ,1800,重,13,4,4,ヴァンデスペランス,ドレフォン,Eltimaas,牡,3,57.0,岩田康,美浦中舘,,,2023107331
2026/04/04,中山,晴,6,3歳未勝利,ダ,1800,重,13,4,5,セーヌデローヴ,ダノンキングリー,マイグッドネス,牡,3,57.0,丹内,美浦黒岩,,,2023102504
2026/04/04,中山,晴,6,3歳未勝利,ダ,1800,重,13,5,6,トランセンコ,トランセンド,シネマスコープ,牝,3,55.0,木幡育,美浦松永康,,,2023104273
2026/04/04,中山,晴,6,3歳未勝利,ダ,1800,重,13,5,7,メディチパワー,フィレンツェファイア,My Every Wish,牡,3,57.0,木幡巧,美浦中川,,,2023100419
2026/04/04,中山,晴,6,3歳未勝利,ダ,1800,重,13,6,8,アビヤント,モーリス,メジロフランシス,牡,3,57.0,三浦,美浦鹿戸,,,2023104398
2026/04/04,中山,晴,6,3歳未勝利,ダ,1800,重,13,6,9,ストーリーオブラブ,マジェスティックウォリアー,Dream Supreme,牝,3,55.0,小林脩,美浦小野,,,2023106587
2026/04/04,中山,晴,6,3歳未勝利,ダ,1800,重,13,7,10,カシマライフウ,シュヴァルグラン,ハルーワスウィート,牡,3,57.0,松岡,美浦伊藤伸,,,2023105439
2026/04/04,中山,晴,6,3歳未勝利,ダ,1800,重,13,7,11,マツリダシリウス,ウインバリアシオン,スーパーバレリーナ,牡,3,57.0,武藤,美浦水野,,,2023109058
2026/04/04,中山,晴,6,3歳未勝利,ダ,1800,重,13,8,12,ジェイエルトランプ,マジェスティックウォリアー,Dream Supreme,牡,3,55.0,△長浜,美浦平岩,,,2023106316
2026/04/04,中山,晴,6,3歳未勝利,ダ,1800,重,13,8,13,ウインドオブヘヴン,ロードカナロア,レディブラッサム,牡,3,57.0,横山武,美浦戸田,,,2023100734
2026/04/04,中山,晴,7,4歳以上1勝クラス,芝,2000,稍,12,1,1,マリアイリダータ,ドゥラメンテ,アドマイヤグルーヴ,牝,4,54.0,△舟山,美浦田中博,,,2022105064
2026/04/04,中山,晴,7,4歳以上1勝クラス,芝,2000,稍,12,2,2,ロジャリーマイン,エピファネイア,シーザリオ,牝,4,56.0,岩田康,美浦久保田,,,2022105063
2026/04/04,中山,晴,7,4歳以上1勝クラス,芝,2000,稍,12,3,3,チョングク,ディープブリランテ,ラヴアンドバブルズ,牡,4,58.0,江田照,美浦佐藤吉,,,2022104533
2026/04/04,中山,晴,7,4歳以上1勝クラス,芝,2000,稍,12,4,4,ニシノエピカリ,フィエールマン,リュヌドール,牝,4,56.0,佐々木,美浦秋本,,,2022100724
2026/04/04,中山,晴,7,4歳以上1勝クラス,芝,2000,稍,12,5,5,ルージュカエラ,レイデオロ,ラドラーダ,牝,5,56.0,団野,美浦加藤征,,,2021104931
2026/04/04,中山,晴,7,4歳以上1勝クラス,芝,2000,稍,12,5,6,ジェシーテソーロ,フィエールマン,リュヌドール,牡,4,58.0,石橋脩,美浦牧,,,2022102260
2026/04/04,中山,晴,7,4歳以上1勝クラス,芝,2000,稍,12,6,7,アリスメティーク,ミッキーアイル,スターアイル,牝,4,56.0,津村,美浦大竹,,,2022105796
2026/04/04,中山,晴,7,4歳以上1勝クラス,芝,2000,稍,12,6,8,パストラーレ,シルバーステート,シルヴァースカヤ,牡,5,58.0,田辺,美浦武市,,,2021106068
2026/04/04,中山,晴,7,4歳以上1勝クラス,芝,2000,稍,12,7,9,ベネスピラ,レイデオロ,ラドラーダ,牡,4,58.0,三浦,美浦鹿戸,,,2022102745
2026/04/04,中山,晴,7,4歳以上1勝クラス,芝,2000,稍,12,7,10,キューティリップ,リアルスティール,ラヴズオンリーミー,牝,4,56.0,横山武,美浦戸田,,,2022105131
2026/04/04,中山,晴,7,4歳以上1勝クラス,芝,2000,稍,12,8,11,ウインファヴォリ,リオンディーズ,シーザリオ,セ,4,58.0,原田和,美浦松尾,,,2022106218
2026/04/04,中山,晴,7,4歳以上1勝クラス,芝,2000,稍,12,8,12,マイネルイグザルト,ゴールドシップ,ポイントフラッグ,牡,4,55.0,▲石神道,美浦佐藤吉,,,2022106807
2026/04/04,中山,晴,8,4歳以上1勝クラス,ダ,1800,重,11,1,1,オウケンシルヴァー,ニューイヤーズデイ,Justwhistledixie,牡,5,58.0,木幡育,美浦松永康,,,2021103017
2026/04/04,中山,晴,8,4歳以上1勝クラス,ダ,1800,重,11,2,2,ロジルーラー,ルーラーシップ,エアグルーヴ,牡,5,58.0,松岡,美浦稲垣,,,2021105552
2026/04/04,中山,晴,8,4歳以上1勝クラス,ダ,1800,重,11,3,3,ファルコンミノル,ゴールドシップ,ポイントフラッグ,牡,6,58.0,田辺,美浦中舘,,,2020104748
2026/04/04,中山,晴,8,4歳以上1勝クラス,ダ,1800,重,11,4,4,グランプラネッタ,サートゥルナーリア,シーザリオ,セ,4,55.0,▲遠藤,美浦小島,,,2022107023
2026/04/04,中山,晴,8,4歳以上1勝クラス,ダ,1800,重,11,5,5,ロードソルスティス,サートゥルナーリア,シーザリオ,牡,4,58.0,横山琉,美浦斎藤誠,,,2022100650
2026/04/04,中山,晴,8,4歳以上1勝クラス,ダ,1800,重,11,6,6,ニシノケンタマン,アポロケンタッキー,Dixiana Delight,牡,4,56.0,△長浜,美浦深山,,,2022106427
2026/04/04,中山,晴,8,4歳以上1勝クラス,ダ,1800,重,11,6,7,インテルメディオ,ドレフォン,Eltimaas,セ,5,58.0,岩田康,美浦浅利,,,2021104922
2026/04/04,中山,晴,8,4歳以上1勝クラス,ダ,1800,重,11,7,8,ツマヤ,キズナ,キャットクイル,牡,5,58.0,石橋脩,美浦小野,,,2021102707
2026/04/04,中山,晴,8,4歳以上1勝クラス,ダ,1800,重,11,7,9,スモーキーゴッド,シルバーステート,シルヴァースカヤ,牡,4,58.0,武藤,美浦萩原,,,2022104592
2026/04/04,中山,晴,8,4歳以上1勝クラス,ダ,1800,重,11,8,10,ナムラジミー,モーニン,Giggly,牡,4,58.0,菊沢,美浦武市,,,2022101814
2026/04/04,中山,晴,8,4歳以上1勝クラス,ダ,1800,重,11,8,11,ノアヴィヴァーチェ,モーニン,Giggly,牡,4,58.0,原,美浦鈴木慎,,,2022102446
2026/04/04,中山,晴,9,山吹賞,芝,2200,稍,13,1,1,ブラウンバナナ,キズナ,キャットクイル,牡,3,57.0,津村,美浦林,,,2023103391
2026/04/04,中山,晴,9,山吹賞,芝,2200,稍,13,2,2,グレーヌドジョワ,ロードカナロア,レディブラッサム,牡,3,57.0,丹内,栗東今野,,,2023103351
2026/04/04,中山,晴,9,山吹賞,芝,2200,稍,13,3,3,ヤマニンヘルシェ,レッドファルクス,ベルモット,牡,3,57.0,大野,美浦辻,,,2023104361
2026/04/04,中山,晴,9,山吹賞,芝,2200,稍,13,4,4,ポッドクロス,レイデオロ,ラドラーダ,牡,3,57.0,荻野極,美浦大竹,,,2023103468
2026/04/04,中山,晴,9,山吹賞,芝,2200,稍,13,4,5,レイヒストリコ,レイデオロ,ラドラーダ,牡,3,57.0,団野,美浦黒岩,,,2023107163
2026/04/04,中山,晴,9,山吹賞,芝,2200,稍,13,5,6,モウエエデショー,ダノンプレミアム,インディアナギャル,牡,3,57.0,原田和,美浦萱野,,,2023105433
2026/04/04,中山,晴,9,山吹賞,芝,2200,稍,13,5,7,ヨカオウ,キズナ,キャットクイル,牡,3,57.0,岩田康,栗東谷,,,2023102707
2026/04/04,中山,晴,9,山吹賞,芝,2200,稍,13,6,8,ドッグウッド,レイデオロ,ラドラーダ,牡,3,57.0,横山和,美浦斎藤誠,,,2023101382
2026/04/04,中山,晴,9,山吹賞,芝,2200,稍,13,6,9,クラウンインジエア,モーリス,メジロフランシス,牡,3,57.0,佐々木,栗東藤岡健,,,2023100814
2026/04/04,中山,晴,9,山吹賞,芝,2200,稍,13,7,10,バリオス,キタサンブラック,シュガーハート,牡,3,57.0,西村淳,栗東武幸,,,2023105354
2026/04/04,中山,晴,9,山吹賞,芝,2200,稍,13,7,11,トップオブザライン,ドレフォン,Eltimaas,牡,3,57.0,三浦,栗東友道,,,2023105338
2026/04/04,中山,晴,9,山吹賞,芝,2200,稍,13,8,12,ケントン,リアルスティール,ラヴズオンリーミー,牡,3,57.0,武藤,美浦田島,,,2023103824
2026/04/04,中山,晴,9,山吹賞,芝,2200,稍,13,8,13,イモータリス,ミッキーロケット,マネーキャントバイミーラヴ,牡,3,57.0,石川,美浦手塚久,,,2023107032
2026/04/04,中山,晴,10,千葉日報杯,ダ,1800,重,15,1,1,スプレーフォール,カリフォルニアクローム,Love the Chase,牡,5,58.0,石川,美浦相沢,,,2021107266
2026/04/04,中山,晴,10,千葉日報杯,ダ,1800,重,15,2,2,アベベ,コパノリッキー,コパノニキータ,牡,5,58.0,原,美浦秋本,,,2021109113
2026/04/04,中山,晴,10,千葉日報杯,ダ,1800,重,15,2,3,オリーブグリーン,ヘニーヒューズ,Meadow Flyer,牡,4,58.0,西村淳,栗東矢作,,,2022105694
2026/04/04,中山,晴,10,千葉日報杯,ダ,1800,重,15,3,4,エンプレスフレーム,カリフォルニアクローム,Love the Chase,牝,4,56.0,原田和,美浦上原博,,,2022107254
2026/04/04,中山,晴,10,千葉日報杯,ダ,1800,重,15,3,5,サツキノジョウ,レイデオロ,ラドラーダ,牝,5,56.0,丹内,美浦武井,,,2021105789
2026/04/04,中山,晴,10,千葉日報杯,ダ,1800,重,15,4,6,リザードアイランド,イスラボニータ,イスラコジーン,牡,4,58.0,横山和,美浦田村,,,2022105276
2026/04/04,中山,晴,10,千葉日報杯,ダ,1800,重,15,4,7,デルマタモン,オンファイア,ウインドインハーヘア,牡,8,58.0,菊沢,美浦勢司,,,2018100976
2026/04/04,中山,晴,10,千葉日報杯,ダ,1800,重,15,5,8,フジレイメイ,サンダースノー,Eastern Joy,牡,4,58.0,松岡,美浦小笠,,,2022100306
2026/04/04,中山,晴,10,千葉日報杯,ダ,1800,重,15,5,9,ニシノブレイゼスト,シルバーステート,シルヴァースカヤ,牡,4,58.0,田辺,美浦高木,,,2022107011
2026/04/04,中山,晴,10,千葉日報杯,ダ,1800,重,15,6,10,ライジンマル,アジアエクスプレス,ランニングボブキャッツ,セ,5,58.0,木幡初,美浦竹内,,,2021101449
2026/04/04,中山,晴,10,千葉日報杯,ダ,1800,重,15,6,11,ピコシー,サトノダイヤモンド,マルペンサ,牡,4,58.0,岩田康,美浦奥村武,,,2022101716
2026/04/04,中山,晴,10,千葉日報杯,ダ,1800,重,15,7,12,タリエシン,キンシャサノキセキ,ケルトシャーン,セ,6,58.0,野中,美浦秋本,,,2020102784
2026/04/04,中山,晴,10,千葉日報杯,ダ,1800,重,15,7,13,セザンワールド,トゥザワールド,トゥザヴィクトリー,セ,6,58.0,柴田善,美浦蛯名利,,,2020106051
2026/04/04,中山,晴,10,千葉日報杯,ダ,1800,重,15,8,14,アースイオス,ジャスタウェイ,シビル,牡,5,58.0,横山琉,美浦手塚徳,,,2021102555
2026/04/04,中山,晴,10,千葉日報杯,ダ,1800,重,15,8,15,ウインアルドーレ,ビーチパトロール,Bashful Bertie,牡,5,58.0,三浦,美浦奥平,,,2021106192
2026/04/04,中山,晴,11,ダービー卿CT,芝,1600,稍,16,1,1,ゾンニッヒ,ラブリーデイ,ポップコーンジャズ,牡,8,57.5,団野,栗東池江,,,2018101343
2026/04/04,中山,晴,11,ダービー卿CT,芝,1600,稍,16,1,2,ミニトランザット,エピファネイア,シーザリオ,牡,4,56.0,西村淳,栗東杉山佳,,,2022105230
2026/04/04,中山,晴,11,ダービー卿CT,芝,1600,稍,16,2,3,エンペラーズソード,ドレフォン,Eltimaas,セ,4,55.0,丹内,美浦高木,,,2022106691
2026/04/04,中山,晴,11,ダービー卿CT,芝,1600,稍,16,2,4,メタルスピード,シルバーステート,シルヴァースカヤ,牡,6,55.0,岩田康,美浦斎藤誠,,,2020101772
2026/04/04,中山,晴,11,ダービー卿CT,芝,1600,稍,16,3,5,ブエナオンダ,リオンディーズ,シーザリオ,牡,5,58.0,佐々木,栗東須貝,,,2021105454
2026/04/04,中山,晴,11,ダービー卿CT,芝,1600,稍,16,3,6,マテンロウオリオン,ダイワメジャー,スカーレットブーケ,牡,7,56.0,横山典,栗東昆,,,2019100965
2026/04/04,中山,晴,11,ダービー卿CT,芝,1600,稍,16,4,7,タイムトゥヘヴン,ロードカナロア,レディブラッサム,牡,8,56.0,田辺,美浦戸田,,,2018100184
2026/04/04,中山,晴,11,ダービー卿CT,芝,1600,稍,16,4,8,ファーヴェント,ハーツクライ,アイリッシュダンス,牡,5,57.0,横山武,栗東藤原,,,2021104893
2026/04/04,中山,晴,11,ダービー卿CT,芝,1600,稍,16,5,9,エエヤン,シルバーステート,シルヴァースカヤ,セ,6,57.0,杉原,美浦伊藤大,,,2020105295
2026/04/04,中山,晴,11,ダービー卿CT,芝,1600,稍,16,5,10,ケイアイセナ,ディープインパクト,ウインドインハーヘア,牡,7,57.5,津村,栗東平田,,,2019100318
2026/04/04,中山,晴,11,ダービー卿CT,芝,1600,稍,16,6,11,スズハローム,サトノダイヤモンド,マルペンサ,牡,6,57.0,藤懸,栗東牧田,,,2020105018
2026/04/04,中山,晴,11,ダービー卿CT,芝,1600,稍,16,6,12,ダディーズビビッド,キズナ,キャットクイル,牡,8,57.5,横山和,栗東千田,,,2018105610
2026/04/04,中山,晴,11,ダービー卿CT,芝,1600,稍,16,7,13,イミグラントソング,マクフィ,Dhelaal,牡,4,57.0,石川,美浦辻,,,2022104697
2026/04/04,中山,晴,11,ダービー卿CT,芝,1600,稍,16,7,14,ジュンブロッサム,ワールドエース,マンデラ,牡,7,58.5,荻野極,栗東友道,,,2019105118
2026/04/04,中山,晴,11,ダービー卿CT,芝,1600,稍,16,8,15,シリウスコルト,マクフィ,Dhelaal,牡,5,58.0,三浦,美浦田中勝,,,2021104094
2026/04/04,中山,晴,11,ダービー卿CT,芝,1600,稍,16,8,16,サイルーン,ディープインパクト,ウインドインハーヘア,セ,7,57.0,大野,美浦堀,,,2019104838
2026/04/04,中山,晴,12,4歳以上2勝クラス,ダ,1200,重,16,1,1,ホウオウプレミア,ロードカナロア,レディブラッサム,牡,7,58.0,岩田康,美浦奥村武,,,2019105041
2026/04/04,中山,晴,12,4歳以上2勝クラス,ダ,1200,重,16,1,2,ダンケルド,ミッキーアイル,スターアイル,牡,4,58.0,杉原,美浦森一,,,2022104722
2026/04/04,中山,晴,12,4歳以上2勝クラス,ダ,1200,重,16,2,3,サンドブラスト,モーニン,Giggly,牡,5,58.0,丹内,美浦鈴木慎,,,2021106941
2026/04/04,中山,晴,12,4歳以上2勝クラス,ダ,1200,重,16,2,4,タイセイピューマ,ディスクリートキャット,Pretty Discreet,牡,5,55.0,▲石田,美浦新開,,,2021106119
2026/04/04,中山,晴,12,4歳以上2勝クラス,ダ,1200,重,16,3,5,ヘルメース,ファインニードル,ニードルクラフト,牡,5,55.0,▲佐藤,美浦伊藤圭,,,2021103710
2026/04/04,中山,晴,12,4歳以上2勝クラス,ダ,1200,重,16,3,6,ビーコング,タリスマニック,Magic Mission,牡,5,58.0,横山武,美浦小手川,,,2021103595
2026/04/04,中山,晴,12,4歳以上2勝クラス,ダ,1200,重,16,4,7,タッカージーティー,ヘニーヒューズ,Meadow Flyer,牝,4,56.0,横山典,美浦鈴木伸,,,2022106261
2026/04/04,中山,晴,12,4歳以上2勝クラス,ダ,1200,重,16,4,8,ラヴァグロウ,ホッコータルマエ,マダムチェロキー,牝,6,56.0,丸田,美浦畠山,,,2020103937
2026/04/04,中山,晴,12,4歳以上2勝クラス,ダ,1200,重,16,5,9,エコロネオ,Bernardini,Cara Rafaela,牡,5,58.0,団野,栗東森秀,,,2021110131
2026/04/04,中山,晴,12,4歳以上2勝クラス,ダ,1200,重,16,5,10,メッエフアパラ,エスポワールシチー,エミネントシチー,牡,5,58.0,石橋脩,美浦辻,,,2021106066
2026/04/04,中山,晴,12,4歳以上2勝クラス,ダ,1200,重,16,6,11,ドナカルナバル,ディスクリートキャット,Pretty Discreet,牝,4,56.0,江田照,美浦高木,,,2022106568
2026/04/04,中山,晴,12,4歳以上2勝クラス,ダ,1200,重,16,6,12,コパノヴィンセント,コパノリッキー,コパノニキータ,牡,4,58.0,柴田大,美浦上原博,,,2022107047
2026/04/04,中山,晴,12,4歳以上2勝クラス,ダ,1200,重,16,7,13,キョウエイカンフ,アジアエクスプレス,ランニングボブキャッツ,牡,6,58.0,横山和,美浦勢司,,,2020100363
2026/04/04,中山,晴,12,4歳以上2勝クラス,ダ,1200,重,16,7,14,マクミランテソーロ,レッドファルクス,ベルモット,牡,5,58.0,菊沢,美浦田中剛,,,2021102276
2026/04/04,中山,晴,12,4歳以上2勝クラス,ダ,1200,重,16,8,15,ショウナンラリー,ナダル,Ascending Angel,牡,4,56.0,△舟山,美浦嘉藤,,,2022103924
2026/04/04,中山,晴,12,4歳以上2勝クラス,ダ,1200,重,16,8,16,カツラノキサノキ,リオンディーズ,シーザリオ,牡,5,58.0,木幡巧,栗東庄野,,,2021101461
2026/04/04,阪神,晴,1,3歳未勝利,ダ,1800,稍,16,1,1,ザタイムハズカム,キタサンブラック,シュガーハート,牝,3,55.0,川田,栗東福永,,,2023103736
2026/04/04,阪神,晴,1,3歳未勝利,ダ,1800,稍,16,1,2,ミヤジケリー,クリソベリル,クリソプレーズ,牝,3,55.0,秋山稔,栗東高橋忠,,,2023104076
2026/04/04,阪神,晴,1,3歳未勝利,ダ,1800,稍,16,2,3,ルージュエピック,クリソベリル,クリソプレーズ,牝,3,55.0,菱田,栗東田中克,,,2023106616
2026/04/04,阪神,晴,1,3歳未勝利,ダ,1800,稍,16,2,4,エンジェルグラース,シャンハイボビー,Steelin',牝,3,55.0,国分恭,栗東高橋康,,,2023104979
2026/04/04,阪神,晴,1,3歳未勝利,ダ,1800,稍,16,3,5,グロリアス,マジェスティックウォリアー,Dream Supreme,牝,3,52.0,▲田山,栗東新谷,,,2023102891
2026/04/04,阪神,晴,1,3歳未勝利,ダ,1800,稍,16,3,6,メイショウルビー,マジェスティックウォリアー,Dream Supreme,牝,3,52.0,▲和田陽,栗東鈴木孝,,,2023104987
2026/04/04,阪神,晴,1,3歳未勝利,ダ,1800,稍,16,4,7,ブライトベリル,Uncle Mo,Playa Maya,牝,3,55.0,岩田望,栗東中内田,,,2023100907
2026/04/04,阪神,晴,1,3歳未勝利,ダ,1800,稍,16,4,8,ベリベリハッピー,パイロ,Wild Vision,牝,3,51.0,★河原田,栗東渡辺,,,2023104441
2026/04/04,阪神,晴,1,3歳未勝利,ダ,1800,稍,16,5,9,ルージュマシェリ,クリソベリル,クリソプレーズ,牝,3,53.0,◇永島,栗東四位,,,2023105613
2026/04/04,阪神,晴,1,3歳未勝利,ダ,1800,稍,16,5,10,シャドウクライ,アドマイヤマーズ,ヴィアメディチ,牝,3,55.0,北村友,栗東杉山佳,,,2023103507
2026/04/04,阪神,晴,1,3歳未勝利,ダ,1800,稍,16,6,11,モズギャクテン,ゴールドシップ,ポイントフラッグ,牝,3,55.0,幸,栗東飯田,,,2023105731
2026/04/04,阪神,晴,1,3歳未勝利,ダ,1800,稍,16,6,12,ヤマニンエルファバ,ルヴァンスレーヴ,マエストラーレ,牝,3,55.0,武豊,栗東千田,,,2023104362
2026/04/04,阪神,晴,1,3歳未勝利,ダ,1800,稍,16,7,13,ハッピーリオン,リオンリオン,アゲヒバリ,牝,3,55.0,太宰,栗東武英,,,2023101899
2026/04/04,阪神,晴,1,3歳未勝利,ダ,1800,稍,16,7,14,ハギノデュア,ブリックスアンドモルタル,Beyond the Waves,牝,3,55.0,鮫島駿,栗東高野,,,2023101882
2026/04/04,阪神,晴,1,3歳未勝利,ダ,1800,稍,16,8,15,コイタマチャン,シャンハイボビー,Steelin',牝,3,55.0,松山,栗東宮本,,,2023100652
2026/04/04,阪神,晴,1,3歳未勝利,ダ,1800,稍,16,8,16,ペトリコール,Justify,Stage Magic,牝,3,55.0,ルメール,栗東上村,,,2023107141
2026/04/04,阪神,晴,2,3歳未勝利,ダ,1400,稍,16,1,1,ジャーナーリア,サートゥルナーリア,シーザリオ,牡,3,57.0,松山,栗東本田,,,2023100596
2026/04/04,阪神,晴,2,3歳未勝利,ダ,1400,稍,16,1,2,グレイイメル,シルバーステート,シルヴァースカヤ,牡,3,57.0,高倉,栗東武英,,,2023103243
2026/04/04,阪神,晴,2,3歳未勝利,ダ,1400,稍,16,2,3,アメリカンサクラ,Liam's Map,Miss Macy Sue,牡,3,57.0,北村友,栗東矢作,,,2023110080
2026/04/04,阪神,晴,2,3歳未勝利,ダ,1400,稍,16,2,4,クインテット,ビッグアーサー,シヤボナ,セ,3,57.0,荻野琢,栗東秋山,,,2023100188
2026/04/04,阪神,晴,2,3歳未勝利,ダ,1400,稍,16,3,5,マカホウ,Kingman,Zenda,牡,3,57.0,角田和,栗東田中克,,,2023110049
2026/04/04,阪神,晴,2,3歳未勝利,ダ,1400,稍,16,3,6,ボトムレス,ファインニードル,ニードルクラフト,セ,3,57.0,酒井,栗東四位,,,2023103264
2026/04/04,阪神,晴,2,3歳未勝利,ダ,1400,稍,16,4,7,ガビーズデトワール,アポロケンタッキー,Dixiana Delight,牝,3,53.0,◇古川奈,栗東牧田,,,2023106213
2026/04/04,阪神,晴,2,3歳未勝利,ダ,1400,稍,16,4,8,モズジェネラル,モズアスコット,India,牡,3,54.0,▲森田,栗東田中克,,,2023105727
2026/04/04,阪神,晴,2,3歳未勝利,ダ,1400,稍,16,5,9,ミニュイ,ドレフォン,Eltimaas,牡,3,54.0,▲田山,栗東秋山,,,2023104866
2026/04/04,阪神,晴,2,3歳未勝利,ダ,1400,稍,16,5,10,ジューンレトリバー,Good Magic,Glinda the Good,牡,3,57.0,富田,栗東長谷川,,,2023110028
2026/04/04,阪神,晴,2,3歳未勝利,ダ,1400,稍,16,6,11,モズプリフォール,モズアスコット,India,牡,3,57.0,岩田望,栗東矢作,,,2023105738
2026/04/04,阪神,晴,2,3歳未勝利,ダ,1400,稍,16,6,12,パイザナンバー,ルヴァンスレーヴ,マエストラーレ,牡,3,57.0,城戸,栗東畑端,,,2023100070
2026/04/04,阪神,晴,2,3歳未勝利,ダ,1400,稍,16,7,13,エクスマウス,Practical Joke,Halo Humor,牝,3,55.0,吉村,栗東茶木,,,2023110009
2026/04/04,阪神,晴,2,3歳未勝利,ダ,1400,稍,16,7,14,アニマレイ,ニューイヤーズデイ,Justwhistledixie,牡,3,57.0,ルメール,栗東須貝,,,2023105279
2026/04/04,阪神,晴,2,3歳未勝利,ダ,1400,稍,16,8,15,バトルアックス,ヘンリーバローズ,シルヴァースカヤ,牡,3,57.0,坂井,栗東今野,,,2023102045
2026/04/04,阪神,晴,2,3歳未勝利,ダ,1400,稍,16,8,16,チャーチルデュース,Into Mischief,Leslie's Lady,牡,3,57.0,武豊,栗東松永幹,,,2023105320
2026/04/04,阪神,晴,3,3歳未勝利,ダ,1800,稍,14,1,1,メエメエ,トウケイヘイロー,ダンスクィーン,牝,3,53.0,◇永島,栗東高橋康,,,2023107466
2026/04/04,阪神,晴,3,3歳未勝利,ダ,1800,稍,14,2,2,コカボムショット,ファインニードル,ニードルクラフト,牡,3,57.0,加藤,栗東庄野,,,2023100984
2026/04/04,阪神,晴,3,3歳未勝利,ダ,1800,稍,14,3,3,テーオータウンズ,アジアエクスプレス,ランニングボブキャッツ,牡,3,57.0,高杉,栗東藤岡健,,,2023102844
2026/04/04,阪神,晴,3,3歳未勝利,ダ,1800,稍,14,3,4,ドンテスタマスター,コントレイル,ロードクロサイト,牡,3,57.0,坂井,栗東杉山晴,,,2023105789
2026/04/04,阪神,晴,3,3歳未勝利,ダ,1800,稍,14,4,5,オンザ,ミスターメロディ,Trusty Lady,牡,3,57.0,富田,栗東高橋一,,,2023104070
2026/04/04,阪神,晴,3,3歳未勝利,ダ,1800,稍,14,4,6,マーゴットバディ,レイデオロ,ラドラーダ,セ,3,57.0,小崎,栗東石坂,,,2023105638
2026/04/04,阪神,晴,3,3歳未勝利,ダ,1800,稍,14,5,7,ハイビッグゴールド,ロジャーバローズ,リトルブック,牡,3,55.0,△柴田裕,栗東谷,,,2023102773
2026/04/04,阪神,晴,3,3歳未勝利,ダ,1800,稍,14,5,8,レットフィールマン,フィエールマン,リュヌドール,牝,3,55.0,角田和,栗東角田,,,2023102524
2026/04/04,阪神,晴,3,3歳未勝利,ダ,1800,稍,14,6,9,ファイヤーナイフ,ジャスタウェイ,シビル,牡,3,54.0,▲田山,栗東中村,,,2023103599
2026/04/04,阪神,晴,3,3歳未勝利,ダ,1800,稍,14,6,10,メイショウイッカク,ドレフォン,Eltimaas,牡,3,53.0,★河原田,栗東池添,,,2023102242
2026/04/04,阪神,晴,3,3歳未勝利,ダ,1800,稍,14,7,11,ゴンタ,ホッコータルマエ,マダムチェロキー,牡,3,57.0,松若,栗東小崎,,,2023103245
2026/04/04,阪神,晴,3,3歳未勝利,ダ,1800,稍,14,7,12,キャリアハイ,デクラレーションオブウォー,Tempo West,牡,3,57.0,亀田,栗東北出,,,2023101234
2026/04/04,阪神,晴,3,3歳未勝利,ダ,1800,稍,14,8,13,グリーンゴー,ハービンジャー,Penang Pearl,牡,3,57.0,川田,栗東福永,,,2023105294
2026/04/04,阪神,晴,3,3歳未勝利,ダ,1800,稍,14,8,14,バンブラボー,クリソベリル,クリソプレーズ,牡,3,57.0,幸,栗東飯田,,,2023104922
2026/04/04,阪神,晴,4,3歳未勝利,芝,1400,良,18,1,1,イーグルチョイス,ダノンスマッシュ,スピニングワイルドキャット,牡,3,55.0,◇今村,栗東千田,,,2023102672
2026/04/04,阪神,晴,4,3歳未勝利,芝,1400,良,18,1,2,サンエンジェルス,カリフォルニアクローム,Love the Chase,牝,3,55.0,浜中,栗東谷,,,2023101315
2026/04/04,阪神,晴,4,3歳未勝利,芝,1400,良,18,2,3,ラッキーヴォーグ,タリスマニック,Magic Mission,牡,3,57.0,池添,栗東牧田,,,2023105657
2026/04/04,阪神,晴,4,3歳未勝利,芝,1400,良,18,2,4,キタノコウセイ,セイウンコウセイ,オブザーヴァント,セ,3,57.0,角田和,栗東畑端,,,2023104229
2026/04/04,阪神,晴,4,3歳未勝利,芝,1400,良,18,3,5,ブランチアウト,ブリックスアンドモルタル,Beyond the Waves,牡,3,57.0,古川吉,栗東昆,,,2023102357
2026/04/04,阪神,晴,4,3歳未勝利,芝,1400,良,18,3,6,マイティキングダム,ビッグアーサー,シヤボナ,牡,3,57.0,富田,栗東加藤公,,,2023101501
2026/04/04,阪神,晴,4,3歳未勝利,芝,1400,良,18,4,7,ムーンライトダイヤ,インディチャンプ,ウィルパワー,牝,3,55.0,秋山稔,栗東河嶋,,,2023101844
2026/04/04,阪神,晴,4,3歳未勝利,芝,1400,良,18,4,8,ティアラティアレ,ダノンキングリー,マイグッドネス,牝,3,55.0,国分優,栗東梅田,,,2023102863
2026/04/04,阪神,晴,4,3歳未勝利,芝,1400,良,18,5,9,タイガーロード,フォーウィールドライブ,Funfair,牡,3,57.0,田口,栗東大橋,,,2023102989
2026/04/04,阪神,晴,4,3歳未勝利,芝,1400,良,18,5,10,チヨ,Zoustar,Zouzou,牝,3,50.0,▲田山,栗東鈴木孝,,,2023107543
2026/04/04,阪神,晴,4,3歳未勝利,芝,1400,良,18,6,11,アクアアイ,ドレフォン,Eltimaas,牝,3,55.0,岩田望,栗東四位,,,2023106837
2026/04/04,阪神,晴,4,3歳未勝利,芝,1400,良,18,6,12,ワトルツリー,Frankel,Kind,牝,3,55.0,高杉,栗東藤岡健,,,2023110056
2026/04/04,阪神,晴,4,3歳未勝利,芝,1400,良,18,7,13,ダノンベルビュー,レイデオロ,ラドラーダ,牝,3,55.0,川田,栗東坂口,,,2023107102
2026/04/04,阪神,晴,4,3歳未勝利,芝,1400,良,18,7,14,アスターシャウルス,ハービンジャー,Penang Pearl,牝,3,53.0,△柴田裕,栗東中竹,,,2023102795
2026/04/04,阪神,晴,4,3歳未勝利,芝,1400,良,18,7,15,ヴェルメロディ,モーリス,メジロフランシス,牝,3,55.0,吉村,栗東福永,,,2023106901
2026/04/04,阪神,晴,4,3歳未勝利,芝,1400,良,18,8,16,ハピネスサンライズ,ダノンスマッシュ,スピニングワイルドキャット,牝,3,55.0,松若,栗東東田,,,2023100910
2026/04/04,阪神,晴,4,3歳未勝利,芝,1400,良,18,8,17,ルナティックブルー,リオンディーズ,シーザリオ,牝,3,55.0,小沢,栗東今野,,,2023106517
2026/04/04,阪神,晴,4,3歳未勝利,芝,1400,良,18,8,18,レインボーステート,シルバーステート,シルヴァースカヤ,牡,3,57.0,坂井,栗東茶木,,,2023106943
2026/04/04,阪神,晴,5,3歳未勝利,芝,1800,良,18,1,1,リノルアナ,ディーマジェスティ,エルメスティアラ,牡,3,57.0,酒井,栗東坂口,,,2023102878
2026/04/04,阪神,晴,5,3歳未勝利,芝,1800,良,18,1,2,ホウオウスカイハイ,ダノンプレミアム,インディアナギャル,牡,3,57.0,古川吉,栗東宮,,,2023103255
2026/04/04,阪神,晴,5,3歳未勝利,芝,1800,良,18,2,3,イクオクコウネン,スワーヴリチャード,ピラミマ,牡,3,57.0,ルメール,栗東斉藤崇,,,2023105458
2026/04/04,阪神,晴,5,3歳未勝利,芝,1800,良,18,2,4,ペプチドアバンス,サトノダイヤモンド,マルペンサ,牡,3,57.0,富田,栗東小椋,,,2023101356
2026/04/04,阪神,晴,5,3歳未勝利,芝,1800,良,18,3,5,ステインアライヴ,キタサンブラック,シュガーハート,牝,3,55.0,鮫島駿,栗東中村,,,2023105364
2026/04/04,阪神,晴,5,3歳未勝利,芝,1800,良,18,3,6,フォルストランキル,キタサンブラック,シュガーハート,牝,3,55.0,岩田望,栗東池江,,,2023107270
2026/04/04,阪神,晴,5,3歳未勝利,芝,1800,良,18,4,7,マイラヴノリピー,キズナ,キャットクイル,牝,3,55.0,荻野琢,栗東秋山,,,2023106112
2026/04/04,阪神,晴,5,3歳未勝利,芝,1800,良,18,4,8,プレスリリース,ダノンスマッシュ,スピニングワイルドキャット,牡,3,57.0,川田,栗東中内田,,,2023105809
2026/04/04,阪神,晴,5,3歳未勝利,芝,1800,良,18,5,9,レディトゥアタック,デクラレーションオブウォー,Tempo West,牡,3,57.0,西塚,栗東清水久,,,2023104382
2026/04/04,阪神,晴,5,3歳未勝利,芝,1800,良,18,5,10,ジェンティール,シルバーステート,シルヴァースカヤ,牡,3,54.0,▲田山,栗東須貝,,,2023106636
2026/04/04,阪神,晴,5,3歳未勝利,芝,1800,良,18,6,11,ラヴィニール,キズナ,キャットクイル,牝,3,55.0,北村友,栗東武英,,,2023107047
2026/04/04,阪神,晴,5,3歳未勝利,芝,1800,良,18,6,12,フィニステーレ,ゴールドシップ,ポイントフラッグ,牝,3,55.0,斎藤,栗東辻野,,,2023102247
2026/04/04,阪神,晴,5,3歳未勝利,芝,1800,良,18,7,13,レイアン,サートゥルナーリア,シーザリオ,牝,3,52.0,▲和田陽,栗東笹田,,,2023103887
2026/04/04,阪神,晴,5,3歳未勝利,芝,1800,良,18,7,14,ストラドーネ,マインドユアビスケッツ,Jazzmane,牡,3,55.0,△柴田裕,栗東中竹,,,2023103586
2026/04/04,阪神,晴,5,3歳未勝利,芝,1800,良,18,7,15,ハクサンリング,ハクサンムーン,チリエージェ,牡,3,57.0,小沢,栗東緒方,,,2023100197
2026/04/04,阪神,晴,5,3歳未勝利,芝,1800,良,18,8,16,ハムタン,エピファネイア,シーザリオ,牡,3,57.0,武豊,栗東武幸,,,2023103373
2026/04/04,阪神,晴,5,3歳未勝利,芝,1800,良,18,8,17,ダイナソーコー,ハービンジャー,Penang Pearl,牡,3,57.0,高杉,栗東藤岡健,,,2023103548
2026/04/04,阪神,晴,5,3歳未勝利,芝,1800,良,18,8,18,バックドラフト,キタサンブラック,シュガーハート,牡,3,57.0,坂井,栗東友道,,,2023105323
2026/04/04,阪神,晴,6,4歳以上1勝クラス,ダ,1200,稍,16,1,1,シュネーグロッケン,ナダル,Ascending Angel,牡,4,58.0,松山,栗東清水久,,,2022104944
2026/04/04,阪神,晴,6,4歳以上1勝クラス,ダ,1200,稍,16,1,2,メイショウゴールド,カリフォルニアクローム,Love the Chase,牡,4,58.0,幸,栗東荒川,,,2022103188
2026/04/04,阪神,晴,6,4歳以上1勝クラス,ダ,1200,稍,16,2,3,オースミライト,ミッキーアイル,スターアイル,牝,4,56.0,加藤,栗東宮本,,,2022103610
2026/04/04,阪神,晴,6,4歳以上1勝クラス,ダ,1200,稍,16,2,4,テーオーミリカン,ウインブライト,サマーエタニティ,牡,4,55.0,▲田山,栗東宮,,,2022106705
2026/04/04,阪神,晴,6,4歳以上1勝クラス,ダ,1200,稍,16,3,5,ガビーズブラザー,アポロケンタッキー,Dixiana Delight,牡,4,58.0,松若,栗東牧田,,,2022104448
2026/04/04,阪神,晴,6,4歳以上1勝クラス,ダ,1200,稍,16,3,6,タケルハーロック,ナダル,Ascending Angel,牡,4,58.0,鮫島駿,栗東高柳大,,,2022100333
2026/04/04,阪神,晴,6,4歳以上1勝クラス,ダ,1200,稍,16,4,7,ゼットスパンキー,ディスクリートキャット,Pretty Discreet,牡,5,58.0,浜中,栗東宮,,,2021107255
2026/04/04,阪神,晴,6,4歳以上1勝クラス,ダ,1200,稍,16,4,8,バトンロード,ホッコータルマエ,マダムチェロキー,牡,4,58.0,太宰,栗東石橋,,,2022103285
2026/04/04,阪神,晴,6,4歳以上1勝クラス,ダ,1200,稍,16,5,9,ランドブレイブ,アジアエクスプレス,ランニングボブキャッツ,牡,4,58.0,田口,栗東安達,,,2022106943
2026/04/04,阪神,晴,6,4歳以上1勝クラス,ダ,1200,稍,16,5,10,メイショウハッブル,グレーターロンドン,ロンドンブリッジ,牡,5,58.0,角田和,栗東石橋,,,2021102550
2026/04/04,阪神,晴,6,4歳以上1勝クラス,ダ,1200,稍,16,6,11,サンライズジュピタ,ディスクリートキャット,Pretty Discreet,牡,4,58.0,高杉,栗東石坂,,,2022103307
2026/04/04,阪神,晴,6,4歳以上1勝クラス,ダ,1200,稍,16,6,12,ワンウェイトゥヘル,タワーオブロンドン,スノーパイン,牡,4,58.0,岩田望,栗東中村,,,2022102701
2026/04/04,阪神,晴,6,4歳以上1勝クラス,ダ,1200,稍,16,7,13,スカイブルー,エピファネイア,シーザリオ,牡,4,58.0,秋山稔,栗東佐藤悠,,,2022100136
2026/04/04,阪神,晴,6,4歳以上1勝クラス,ダ,1200,稍,16,7,14,ダイヤモンド,サトノダイヤモンド,マルペンサ,牡,4,58.0,酒井,栗東清水久,,,2022101456
2026/04/04,阪神,晴,6,4歳以上1勝クラス,ダ,1200,稍,16,8,15,グリフォン,サートゥルナーリア,シーザリオ,牝,4,56.0,小沢,栗東小椋,,,2022103899
2026/04/04,阪神,晴,6,4歳以上1勝クラス,ダ,1200,稍,16,8,16,カネコメファミリー,ホッコータルマエ,マダムチェロキー,牝,5,56.0,斎藤,栗東中尾,,,2021104151
2026/04/04,阪神,晴,7,4歳以上1勝クラス,ダ,1800,稍,9,1,1,アカツキロットリー,アイファーソング,アイファーペガサス,牡,6,54.0,★河原田,美浦的場,,,2020100081
2026/04/04,阪神,晴,7,4歳以上1勝クラス,ダ,1800,稍,9,2,2,グリプトグラフィ,サトノダイヤモンド,マルペンサ,牡,4,58.0,亀田,栗東武幸,,,2022105177
2026/04/04,阪神,晴,7,4歳以上1勝クラス,ダ,1800,稍,9,3,3,マジックブルー,マジェスティックウォリアー,Dream Supreme,牡,5,58.0,幸,栗東荒川,,,2021103682
2026/04/04,阪神,晴,7,4歳以上1勝クラス,ダ,1800,稍,9,4,4,エイユーファイヤー,ナダル,Ascending Angel,牡,4,58.0,松山,栗東森田,,,2022102710
2026/04/04,阪神,晴,7,4歳以上1勝クラス,ダ,1800,稍,9,5,5,アークドール,Golden Horn,Fleche D'Or,牡,5,58.0,武豊,栗東松永幹,,,2021110012
2026/04/04,阪神,晴,7,4歳以上1勝クラス,ダ,1800,稍,9,6,6,ゴルデールスカー,モーリス,メジロフランシス,牡,6,58.0,鮫島駿,栗東加藤公,,,2020103625
2026/04/04,阪神,晴,7,4歳以上1勝クラス,ダ,1800,稍,9,7,7,ハイグッドワールド,アジアエクスプレス,ランニングボブキャッツ,牡,5,56.0,△柴田裕,栗東谷,,,2021104474
2026/04/04,阪神,晴,7,4歳以上1勝クラス,ダ,1800,稍,9,8,8,ジーティーアメリカ,サートゥルナーリア,シーザリオ,牡,4,58.0,北村友,栗東吉岡,,,2022104654
2026/04/04,阪神,晴,7,4歳以上1勝クラス,ダ,1800,稍,9,8,9,バシリス,シニスターミニスター,Sweet Minister,牝,4,54.0,◇今村,栗東寺島,,,2022106631
2026/04/04,阪神,晴,8,4歳以上2勝クラス,芝,1200,良,9,1,1,タガノアンファン,レッドベルジュール,レッドファンタジア,牡,4,58.0,高杉,栗東石坂,,,2022106555
2026/04/04,阪神,晴,8,4歳以上2勝クラス,芝,1200,良,9,2,2,ディアドコス,ネロ,ニシノタカラヅカ,牡,6,58.0,吉村,栗東羽月,,,2020105409
2026/04/04,阪神,晴,8,4歳以上2勝クラス,芝,1200,良,9,3,3,ブリーズオンチーク,ニューイヤーズデイ,Justwhistledixie,牝,5,56.0,北村友,栗東高野,,,2021105958
2026/04/04,阪神,晴,8,4歳以上2勝クラス,芝,1200,良,9,4,4,レッドセニョール,リアルインパクト,トキオリアリティー,牡,5,58.0,鮫島駿,美浦矢嶋,,,2021105779
2026/04/04,阪神,晴,8,4歳以上2勝クラス,芝,1200,良,9,5,5,ミロワール,ロードカナロア,レディブラッサム,牝,7,56.0,古川吉,栗東柴田,,,2019100566
2026/04/04,阪神,晴,8,4歳以上2勝クラス,芝,1200,良,9,6,6,クイーンズデイ,ラブリーデイ,ポップコーンジャズ,牝,4,56.0,国分恭,栗東岡田,,,2022100962
2026/04/04,阪神,晴,8,4歳以上2勝クラス,芝,1200,良,9,7,7,リリーフィールド,モズアスコット,India,牝,4,56.0,武豊,栗東小崎,,,2022105718
2026/04/04,阪神,晴,8,4歳以上2勝クラス,芝,1200,良,9,8,8,キントラダンサー,キタサンブラック,シュガーハート,牝,4,53.0,▲田山,栗東長谷川,,,2022104387
2026/04/04,阪神,晴,8,4歳以上2勝クラス,芝,1200,良,9,8,9,サンドロナイト,Capitalist,Kitalpha,牝,5,56.0,松山,栗東茶木,,,2021110119
2026/04/04,阪神,晴,9,アザレア賞,芝,2400,良,9,1,1,ヘルメスギャング,ブリックスアンドモルタル,Beyond the Waves,牡,3,57.0,今村,美浦武井,,,2023100729
2026/04/04,阪神,晴,9,アザレア賞,芝,2400,良,9,2,2,アーレムアレス,ハービンジャー,Penang Pearl,牡,3,57.0,菱田,栗東橋口,,,2023105223
2026/04/04,阪神,晴,9,アザレア賞,芝,2400,良,9,3,3,カットソロ,コントレイル,ロードクロサイト,牡,3,57.0,坂井,栗東矢作,,,2023105404
2026/04/04,阪神,晴,9,アザレア賞,芝,2400,良,9,4,4,ブラックオリンピア,キタサンブラック,シュガーハート,牡,3,57.0,川田,栗東友道,,,2023107168
2026/04/04,阪神,晴,9,アザレア賞,芝,2400,良,9,5,5,サントルドパリ,シスキン,Bird Flown,牡,3,57.0,鮫島駿,栗東小林,,,2023103761
2026/04/04,阪神,晴,9,アザレア賞,芝,2400,良,9,6,6,ノンブルドール,レイデオロ,ラドラーダ,牡,3,57.0,ルメール,栗東西園翔,,,2023106941
2026/04/04,阪神,晴,9,アザレア賞,芝,2400,良,9,7,7,ヴァロンブローサ,コントレイル,ロードクロサイト,牡,3,57.0,幸,栗東池添,,,2023106902
2026/04/04,阪神,晴,9,アザレア賞,芝,2400,良,9,8,8,サトノリシャール,レイデオロ,ラドラーダ,牡,3,57.0,岩田望,栗東福永,,,2023103894
2026/04/04,阪神,晴,9,アザレア賞,芝,2400,良,9,8,9,タガノアルトゥーラ,シルバーステート,シルヴァースカヤ,牡,3,57.0,吉村,栗東長谷川,,,2023104315
2026/04/04,阪神,晴,10,ポラリスS,ダ,1400,稍,16,1,1,ジュンウィンダム,カレンブラックヒル,チャールストンハーバー,牝,6,53.0,西塚,栗東浜田,,,2020106062
2026/04/04,阪神,晴,10,ポラリスS,ダ,1400,稍,16,1,2,ヴーレヴー,サトノクラウン,ジョコンダII,牝,4,54.0,浜中,栗東武幸,,,2022104617
2026/04/04,阪神,晴,10,ポラリスS,ダ,1400,稍,16,2,3,スマートサニー,シニスターミニスター,Sweet Minister,牡,6,55.0,高杉,栗東石橋,,,2020104304
2026/04/04,阪神,晴,10,ポラリスS,ダ,1400,稍,16,2,4,ハセドン,モーリス,メジロフランシス,牡,7,56.0,吉村,美浦大和田,,,2019103593
2026/04/04,阪神,晴,10,ポラリスS,ダ,1400,稍,16,3,5,キタノズエッジ,ジョーカプチーノ,ジョープシケ,牡,5,57.0,古川吉,栗東畑端,,,2021100505
2026/04/04,阪神,晴,10,ポラリスS,ダ,1400,稍,16,3,6,バトルクライ,イスラボニータ,イスラコジーン,牡,7,58.5,北村友,美浦高木,,,2019103879
2026/04/04,阪神,晴,10,ポラリスS,ダ,1400,稍,16,4,7,ビダーヤ,リアルスティール,ラヴズオンリーミー,牡,5,58.0,坂井,栗東矢作,,,2021105537
2026/04/04,阪神,晴,10,ポラリスS,ダ,1400,稍,16,4,8,ヤマニンウルス,ジャスタウェイ,シビル,牡,6,59.5,武豊,栗東斉藤崇,,,2020105599
2026/04/04,阪神,晴,10,ポラリスS,ダ,1400,稍,16,5,9,クロジシジョー,フリオーソ,ファーザ,牡,7,59.0,菱田,栗東岡田,,,2019102238
2026/04/04,阪神,晴,10,ポラリスS,ダ,1400,稍,16,5,10,バトゥーキ,ラニ,ヘヴンリーロマンス,牡,6,56.0,秋山稔,栗東浜田,,,2020101373
2026/04/04,阪神,晴,10,ポラリスS,ダ,1400,稍,16,6,11,サクセスローレル,マスタリー,Steady Course,牡,7,52.0,亀田,栗東北出,,,2019102454
2026/04/04,阪神,晴,10,ポラリスS,ダ,1400,稍,16,6,12,ベルジュロネット,ロードカナロア,レディブラッサム,牡,4,56.0,鮫島駿,栗東大久保,,,2022106658
2026/04/04,阪神,晴,10,ポラリスS,ダ,1400,稍,16,7,13,アドバンスファラオ,American Pharoah,Littleprincessemma,セ,6,56.0,高倉,栗東森秀,,,2020110106
2026/04/04,阪神,晴,10,ポラリスS,ダ,1400,稍,16,7,14,セントメモリーズ,エピファネイア,シーザリオ,牝,5,52.0,富田,美浦斎藤誠,,,2021104894
2026/04/04,阪神,晴,10,ポラリスS,ダ,1400,稍,16,8,15,ナイトアクアリウム,ロードカナロア,レディブラッサム,牡,6,55.0,長岡,栗東杉山佳,,,2020103005
2026/04/04,阪神,晴,10,ポラリスS,ダ,1400,稍,16,8,16,バグラダス,マジェスティックウォリアー,Dream Supreme,牡,6,56.0,岩田望,美浦嘉藤,,,2020106015
2026/04/04,阪神,晴,11,チャーチルダウンズC,芝,1600,良,14,1,1,ストームサンダー,ヘンリーバローズ,シルヴァースカヤ,牡,3,57.0,斎藤,栗東安達,,,2023100772
2026/04/04,阪神,晴,11,チャーチルダウンズC,芝,1600,良,14,2,2,メイショウソラリス,シスキン,Bird Flown,牡,3,57.0,角田和,栗東角田,,,2023103986
2026/04/04,阪神,晴,11,チャーチルダウンズC,芝,1600,良,14,3,3,リゾートアイランド,イスラボニータ,イスラコジーン,牡,3,57.0,武豊,美浦上原佑,,,2023106916
2026/04/04,阪神,晴,11,チャーチルダウンズC,芝,1600,良,14,3,4,エイシンティザー,モズアスコット,India,牡,3,57.0,西塚,栗東吉村,,,2023105516
2026/04/04,阪神,晴,11,チャーチルダウンズC,芝,1600,良,14,4,5,シーミハットク,オルフェーヴル,オリエンタルアート,牡,3,57.0,高杉,栗東寺島,,,2023103532
2026/04/04,阪神,晴,11,チャーチルダウンズC,芝,1600,良,14,4,6,サンダーストラック,ロードカナロア,レディブラッサム,牡,3,57.0,ルメール,美浦木村,,,2023107053
2026/04/04,阪神,晴,11,チャーチルダウンズC,芝,1600,良,14,5,7,サトノセプター,Kingman,Zenda,牡,3,57.0,岩田望,栗東上村,,,2023106868
2026/04/04,阪神,晴,11,チャーチルダウンズC,芝,1600,良,14,5,8,アンドゥーリル,サートゥルナーリア,シーザリオ,牡,3,57.0,川田,栗東中内田,,,2023103752
2026/04/04,阪神,晴,11,チャーチルダウンズC,芝,1600,良,14,6,9,クールデイトナ,フォーウィールドライブ,Funfair,牡,3,57.0,吉村,栗東宮地,,,2023100504
2026/04/04,阪神,晴,11,チャーチルダウンズC,芝,1600,良,14,6,10,バルセシート,キズナ,キャットクイル,牡,3,57.0,北村友,栗東松下,,,2023107241
2026/04/04,阪神,晴,11,チャーチルダウンズC,芝,1600,良,14,7,11,ユウファラオ,American Pharoah,Littleprincessemma,牡,3,57.0,松若,栗東森秀,,,2023110065
2026/04/04,阪神,晴,11,チャーチルダウンズC,芝,1600,良,14,7,12,サーディンラン,レイデオロ,ラドラーダ,牡,3,57.0,松山,栗東武英,,,2023103440
2026/04/04,阪神,晴,11,チャーチルダウンズC,芝,1600,良,14,8,13,ファンクション,アルアイン,ドバイマジェスティ,牝,3,55.0,鮫島駿,美浦斎藤誠,,,2023103648
2026/04/04,阪神,晴,11,チャーチルダウンズC,芝,1600,良,14,8,14,アスクイキゴミ,ロードカナロア,レディブラッサム,牡,3,57.0,坂井,栗東藤原,,,2023105267
2026/04/04,阪神,晴,12,4歳以上2勝クラス,ダ,1400,稍,15,1,1,ゴールデンエール,コパノリッキー,コパノニキータ,牡,6,58.0,荻野琢,美浦杉浦,,,2020104473
2026/04/04,阪神,晴,12,4歳以上2勝クラス,ダ,1400,稍,15,2,2,テンクウジョー,マクフィ,Dhelaal,牡,5,58.0,西塚,美浦手塚徳,,,2021104464
2026/04/04,阪神,晴,12,4歳以上2勝クラス,ダ,1400,稍,15,2,3,メイケイレイン,レイデオロ,ラドラーダ,牡,4,56.0,△柴田裕,栗東中竹,,,2022101043
2026/04/04,阪神,晴,12,4歳以上2勝クラス,ダ,1400,稍,15,3,4,プチブール,サトノクラウン,ジョコンダII,牝,5,56.0,幸,美浦松尾,,,2021104205
2026/04/04,阪神,晴,12,4歳以上2勝クラス,ダ,1400,稍,15,3,5,ポートデラメール,ナダル,Ascending Angel,牝,4,56.0,ルメール,栗東斉藤崇,,,2022105963
2026/04/04,阪神,晴,12,4歳以上2勝クラス,ダ,1400,稍,15,4,6,オーケアニス,ロードカナロア,レディブラッサム,牝,4,56.0,坂井,栗東松永幹,,,2022104883
2026/04/04,阪神,晴,12,4歳以上2勝クラス,ダ,1400,稍,15,4,7,ロードオルデン,リオンディーズ,シーザリオ,牡,7,58.0,高杉,栗東辻野,,,2019102656
2026/04/04,阪神,晴,12,4歳以上2勝クラス,ダ,1400,稍,15,5,8,ラヴオントップ,ヘニーヒューズ,Meadow Flyer,牝,5,56.0,吉村,栗東西村,,,2021104399
2026/04/04,阪神,晴,12,4歳以上2勝クラス,ダ,1400,稍,15,5,9,タマモナポリ,カレンブラックヒル,チャールストンハーバー,牝,5,56.0,酒井,栗東河嶋,,,2021106177
2026/04/04,阪神,晴,12,4歳以上2勝クラス,ダ,1400,稍,15,6,10,キボウノホシ,ロードカナロア,レディブラッサム,セ,7,58.0,長岡,美浦奥平,,,2019101165
2026/04/04,阪神,晴,12,4歳以上2勝クラス,ダ,1400,稍,15,6,11,テイエムヒショウ,ヘニーヒューズ,Meadow Flyer,牡,6,55.0,▲田山,栗東浜田,,,2020101216
2026/04/04,阪神,晴,12,4歳以上2勝クラス,ダ,1400,稍,15,7,12,ワンダーカモン,ワールドエース,マンデラ,牡,5,58.0,川又,栗東吉村,,,2021100739
2026/04/04,阪神,晴,12,4歳以上2勝クラス,ダ,1400,稍,15,7,13,プリンスノット,パドトロワ,グランパドドゥ,牡,6,58.0,菱田,栗東小椋,,,2020102881
2026/04/04,阪神,晴,12,4歳以上2勝クラス,ダ,1400,稍,15,8,14,モズタチアガレ,モズアスコット,India,牡,4,58.0,北村友,栗東中尾,,,2022106010
2026/04/04,阪神,晴,12,4歳以上2勝クラス,ダ,1400,稍,15,8,15,ツーネサーン,Frankel,Kind,牡,5,58.0,岩田望,栗東矢作,,,2021105584
