date,course,weather,race_number,race_name,surface,distance,track_condition,num_horses,rank,bracket_number,horse_number,horse_name,sex,age,weight_carried,jockey,time,margin,popularity,odds,last_3f,passing_order,stable,horse_weight,weight_diff,horse_id
2026/04/10,川崎,雨,1,3歳10,ダ,1400,重,10,1,8,10,パワポケカノン,牡,3,56.0,古岡勇樹,93.0,,1,2.1,39.6,3-4-3-3,川崎山崎裕也,469.0,0.0,2023101552
2026/04/10,川崎,雨,1,3歳10,ダ,1400,重,10,2,8,9,アメリカンサンデー,牡,3,56.0,和田譲治,94.0,5,5,13.8,40.8,2-2-2-2,川崎鈴木義久,451.0,18.0,2023107493
2026/04/10,川崎,雨,1,3歳10,ダ,1400,重,10,3,5,5,マッドチェイサー,牡,3,56.0,町田直希,95.1,5,3,5.6,42.1,1-1-1-1,川崎山田質,447.0,-3.0,2023101494
2026/04/10,川崎,雨,1,3歳10,ダ,1400,重,10,4,3,3,バババブーン,牡,3,56.0,笹川翼,95.3,1,4,7.1,41.5,7-8-7-5,川崎酒井忍,513.0,10.0,2023105629
2026/04/10,川崎,雨,1,3歳10,ダ,1400,重,10,5,7,7,マチダノチエコ,牝,3,54.0,藤江渉,95.5,1,6,14.8,42.1,4-3-5-4,川崎山田質,454.0,-4.0,2023103207
2026/04/10,川崎,雨,1,3歳10,ダ,1400,重,10,6,4,4,アファーマティヴ,牡,3,53.0,▲加藤雄真,95.7,1,9,54.6,41.9,8-9-8-6,川崎河津裕昭,468.0,-4.0,2023103943
2026/04/10,川崎,雨,1,3歳10,ダ,1400,重,10,7,2,2,ブライトメロディー,牝,3,54.0,中越琉世,95.8,1/2,2,4.2,41.7,10-7-9-9,川崎安池成実,519.0,11.0,2023103009
2026/04/10,川崎,雨,1,3歳10,ダ,1400,重,10,8,6,6,アンフォーギヴン,牝,3,54.0,櫻井光輔,96.3,2.1/2,10,120.8,42.0,9-10-10,川崎山田質,457.0,-1.0,2023104877
2026/04/10,川崎,雨,1,3歳10,ダ,1400,重,10,9,1,1,シイズダイヤモンド,牝,3,54.0,新原周馬,96.4,1/2,8,49.2,42.7,6-5-7,川崎高月賢一,420.0,3.0,2023100026
2026/04/10,川崎,雨,1,3歳10,ダ,1400,重,10,10,7,8,アンプリフィ,牝,3,54.0,野畑凌,96.6,1,7,25.1,42.8,5-6-6-8,川崎田辺陽一,445.0,0.0,2023104187
2026/04/10,川崎,雨,2,3歳9,ダ,1400,重,10,1,5,5,ファインティアラ,牝,3,54.0,古岡勇樹,94.5,,1,2.1,41.0,1-1-1-1,川崎古澤悟,441.0,8.0,2023101996
2026/04/10,川崎,雨,2,3歳9,ダ,1400,重,10,2,1,1,アオイノコスメ,牝,3,54.0,和田譲治,94.6,3/4,3,6.0,40.7,4-4-4-4,川崎山崎裕也,496.0,8.0,2023100191
2026/04/10,川崎,雨,2,3歳9,ダ,1400,重,10,3,8,9,クツシタオトシタ,牝,3,54.0,西啓太,94.9,1.1/2,4,10.4,39.9,10-10,川崎高橋宏征,436.0,1.0,2023100090
2026/04/10,川崎,雨,2,3歳9,ダ,1400,重,10,4,2,2,ミュークティアラ,セ,3,56.0,伊藤裕人,95.1,3/4,7,13.1,40.9,6-7-5,川崎甲田悟史,452.0,-11.0,2023102356
2026/04/10,川崎,雨,2,3歳9,ダ,1400,重,10,5,3,3,レイナデルアレーナ,牝,3,51.0,▲加藤雄真,95.3,1,5,11.3,41.3,5-5-5-6,川崎古澤悟,469.0,9.0,2023102705
2026/04/10,川崎,雨,2,3歳9,ダ,1400,重,10,6,6,6,セレステラ,牝,3,54.0,町田直希,95.3,クビ,6,12.0,41.6,2-2-2-2,川崎内田勝義,479.0,-6.0,2023103959
2026/04/10,川崎,雨,2,3歳9,ダ,1400,重,10,7,7,8,シェナマーブル,牡,3,56.0,藤江渉,95.4,クビ,2,4.9,41.6,3-3-3-3,川崎山田正実,455.0,-5.0,2023102861
2026/04/10,川崎,雨,2,3歳9,ダ,1400,重,10,8,4,4,タイトノット,牡,3,56.0,増田充宏,96.3,4,9,65.7,41.7,8-7,川崎武井和実,436.0,-4.0,2023106309
2026/04/10,川崎,雨,2,3歳9,ダ,1400,重,10,9,7,7,ラブイネヴィタブル,牝,3,54.0,新原周馬,96.9,3,8,22.9,42.7,6-7-6-8,川崎茂木浩幸,407.0,-13.0,2023100775
2026/04/10,川崎,雨,2,3歳9,ダ,1400,重,10,10,8,10,シェブロンウーマン,牝,3,54.0,岡村裕基,98.0,5,10,75.6,43.4,7-9-9,川崎山田正実,421.0,-1.0,2023106527
2026/04/10,川崎,雨,3,3歳8,ダ,1400,重,8,1,8,8,シナノフラッシュ,牡,3,56.0,増田充宏,93.6,,1,2.2,41.8,2-2-2-1,川崎高月賢一,484.0,-4.0,2023106542
2026/04/10,川崎,雨,3,3歳8,ダ,1400,重,8,2,1,1,ヨミイ,牝,3,51.0,▲加藤雄真,94.9,6,4,13.3,42.3,3,川崎河津裕昭,385.0,-1.0,2023104800
2026/04/10,川崎,雨,3,3歳8,ダ,1400,重,8,3,4,4,テンザンパパ,牡,3,56.0,新原周馬,94.9,クビ,5,13.8,41.2,,川崎内田勝義,440.0,4.0,2023100350
2026/04/10,川崎,雨,3,3歳8,ダ,1400,重,8,4,6,6,イチゴプリン,牝,3,54.0,古岡勇樹,94.9,アタマ,6,23.9,41.5,5-5-4,川崎安池成実,427.0,5.0,2023100036
2026/04/10,川崎,雨,3,3歳8,ダ,1400,重,8,5,7,7,トラストテンホー,牡,3,56.0,野畑凌,95.2,1.1/2,2,2.3,43.4,1-1-1,川崎吉橋淳一,432.0,-6.0,2023107496
2026/04/10,川崎,雨,3,3歳8,ダ,1400,重,8,6,3,3,モモノコトノハ,牝,3,54.0,櫻井光輔,95.6,2,3,5.8,42.6,4-3,川崎山崎裕也,464.0,16.0,2023102723
2026/04/10,川崎,雨,3,3歳8,ダ,1400,重,8,7,2,2,ユウユウカツサンド,牝,3,54.0,本田紀忠,95.6,クビ,7,57.3,41.9,6-4-5,川崎武井和実,419.0,-8.0,2023101601
2026/04/10,川崎,雨,3,3歳8,ダ,1400,重,8,8,5,5,ヌフヌフ,牡,3,56.0,田中涼,97.1,7,8,97.0,43.0,6,川崎鈴木義久,443.0,3.0,2023103941
2026/04/10,川崎,雨,4,鳥語花香賞(3歳),ダ,1600,重,6,1,3,3,ロックシュガー,牝,3,54.0,和田譲治,105.5,,3,3.9,39.8,4-4-4-4,川崎鈴木義久,457.0,-7.0,2023104824
2026/04/10,川崎,雨,4,鳥語花香賞(3歳),ダ,1600,重,6,2,2,2,コタダブル,牝,3,54.0,野畑凌,105.7,1,1,1.8,40.5,2-2-2-2,川崎山崎裕也,459.0,15.0,2023101655
2026/04/10,川崎,雨,4,鳥語花香賞(3歳),ダ,1600,重,6,3,6,6,ベアアスムイ,牝,3,54.0,増田充宏,106.6,4,5,23.0,41.2,3-3-3-3,川崎鈴木義久,428.0,-6.0,2023104301
2026/04/10,川崎,雨,4,鳥語花香賞(3歳),ダ,1600,重,6,4,5,5,カナールレイナ,牝,3,54.0,伊藤裕人,107.2,3,6,36.2,41.2,,川崎佐々木仁,464.0,-1.0,2023102597
2026/04/10,川崎,雨,4,鳥語花香賞(3歳),ダ,1600,重,6,5,4,4,ネイビーシンデレラ,牝,3,55.0,西啓太,107.5,1.1/2,4,13.0,41.1,,浦和鹿沼良和,472.0,-1.0,2023105057
2026/04/10,川崎,雨,4,鳥語花香賞(3歳),ダ,1600,重,6,6,1,1,スペースセイラー,牝,3,54.0,矢野貴之,108.2,3,2,3.1,43.0,1-1-1-1,船橋新井清重,461.0,-4.0,2023103839
2026/04/10,川崎,雨,5,C3一二,ダ,1400,重,12,1,7,9,モズミコシ,牡,4,56.0,野畑凌,91.3,,1,1.1,39.7,1,川崎高月賢一,457.0,6.0,2022102838
2026/04/10,川崎,雨,5,C3一二,ダ,1400,重,12,2,8,12,メイショウベニバナ,牝,6,54.0,菅原涼太,91.5,3/4,5,25.9,40.9,4-2,浦和長谷川忍,460.0,1.0,2020102622
2026/04/10,川崎,雨,5,C3一二,ダ,1400,重,12,3,1,1,ザムト,牝,5,54.0,新原周馬,92.4,4,2,11.1,40.6,2-2-2,川崎村田順一,477.0,5.0,2021104391
2026/04/10,川崎,雨,5,C3一二,ダ,1400,重,12,4,5,6,ルチェッタ,牝,5,54.0,町田直希,92.9,2.1/2,6,31.6,40.7,3,川崎田辺陽一,447.0,10.0,2021102411
2026/04/10,川崎,雨,5,C3一二,ダ,1400,重,12,5,7,10,リッキオ,牡,7,56.0,秋元耕成,93.4,2.1/2,8,38.6,39.8,8-8,浦和藪口一麻,470.0,0.0,2019100474
2026/04/10,川崎,雨,5,C3一二,ダ,1400,重,12,6,4,4,エーテルノカゼ,牝,6,54.0,岡村裕基,93.5,クビ,11,184.8,41.5,5-4-4-4,川崎八木正喜,443.0,3.0,2020102635
2026/04/10,川崎,雨,5,C3一二,ダ,1400,重,12,7,3,3,ロンディネ,牝,4,54.0,本橋孝太,93.7,1,7,37.2,40.5,8-7-6,川崎林隆之,436.0,2.0,2022107001
2026/04/10,川崎,雨,5,C3一二,ダ,1400,重,12,8,8,11,レディハナコ,牝,4,54.0,古岡勇樹,93.7,アタマ,12,233.6,40.3,7-7,川崎田辺陽一,416.0,4.0,2022103601
2026/04/10,川崎,雨,5,C3一二,ダ,1400,重,12,9,6,7,ティンドラ,牝,6,51.0,▲加藤雄真,94.0,1.1/2,9,63.3,42.0,5-5-5,川崎山崎尋美,429.0,-3.0,2020101502
2026/04/10,川崎,雨,5,C3一二,ダ,1400,重,12,10,6,8,マーニク,牝,5,53.0,☆中山遥人,94.1,クビ,10,117.0,40.3,8,浦和長谷川忍,469.0,-3.0,2021103067
2026/04/10,川崎,雨,5,C3一二,ダ,1400,重,12,11,2,2,ベニノレーヴ,牡,5,55.0,☆佐野遥久,94.1,クビ,3,12.8,42.1,3-3-3,川崎田島寿一,457.0,-2.0,2021107139
2026/04/10,川崎,雨,5,C3一二,ダ,1400,重,12,12,5,5,ニホンピロカミーノ,牡,4,56.0,藤江渉,96.4,大,4,18.6,40.4,,川崎武井和実,480.0,1.0,2022103862
2026/04/10,川崎,雨,6,C3一二,ダ,1400,重,12,1,6,8,イノ,牝,6,54.0,増田充宏,91.3,,7,20.9,39.9,7-5-3,川崎佐々木仁,372.0,-8.0,2020105754
2026/04/10,川崎,雨,6,C3一二,ダ,1400,重,12,2,1,1,ジンガブリッツ,牡,4,58.0,張田昂,91.6,1.1/2,1,1.8,40.6,4-4-2,川崎茂木浩幸,442.0,-1.0,2022103037
2026/04/10,川崎,雨,6,C3一二,ダ,1400,重,12,3,2,2,ミレニアムブリッジ,牝,4,54.0,櫻井光輔,92.1,2.1/2,2,4.7,41.5,1-1-1-1,川崎長友豊,492.0,-3.0,2022103604
2026/04/10,川崎,雨,6,C3一二,ダ,1400,重,12,4,8,11,グァンダオ,牡,5,56.0,矢野貴之,93.0,4,3,6.9,40.7,11-11-8,浦和長谷川忍,438.0,-4.0,2021103880
2026/04/10,川崎,雨,6,C3一二,ダ,1400,重,12,5,5,6,ガルヴァニック,牝,6,54.0,伊藤裕人,93.3,1.1/2,12,103.8,41.3,10-9-8-6,川崎村田順一,479.0,-4.0,2020101146
2026/04/10,川崎,雨,6,C3一二,ダ,1400,重,12,6,4,4,アブソリュート,牡,5,56.0,古岡勇樹,93.4,クビ,6,18.3,42.2,5-6-6-7,川崎山崎裕也,476.0,-5.0,2021100459
2026/04/10,川崎,雨,6,C3一二,ダ,1400,重,12,7,5,5,セイウンヤタガラス,牡,4,56.0,山林堂信,94.0,3,10,48.0,43.2,3-2-4,川崎田辺陽一,436.0,2.0,2022102890
2026/04/10,川崎,雨,6,C3一二,ダ,1400,重,12,8,6,7,クインズカヤノヒメ,牝,6,54.0,岡村裕基,94.0,ハナ,11,87.0,41.7,12-10-11,川崎八木正喜,462.0,1.0,2020104213
2026/04/10,川崎,雨,6,C3一二,ダ,1400,重,12,9,8,12,コンペティティブ,牡,4,56.0,本橋孝太,94.2,3/4,5,13.3,43.0,9-4-5-5,川崎秋山直之,472.0,11.0,2022103696
2026/04/10,川崎,雨,6,C3一二,ダ,1400,重,12,10,7,9,スノーウィースカイ,牡,4,56.0,藤江渉,94.9,3,4,12.4,43.1,6-7-10,川崎平田正一,475.0,7.0,2022106890
2026/04/10,川崎,雨,6,C3一二,ダ,1400,重,12,11,3,3,オーデンリッキー,牝,5,54.0,秋元耕成,95.8,4,8,32.0,45.0,2-2-3-9,浦和小澤宏次,483.0,2.0,2021104480
2026/04/10,川崎,雨,6,C3一二,ダ,1400,重,12,12,7,10,ホシプリンセス,牝,8,53.0,☆中山遥人,95.8,クビ,9,32.9,43.8,8-8-9-12,浦和酒井一則,499.0,2.0,2018106646
2026/04/10,川崎,雨,7,界雷賞(C2),ダ,900,重,12,1,5,5,ダッシングマン,牡,4,56.0,藤江渉,55.3,,8,48.1,37.1,6-5,川崎平田正一,463.0,3.0,2022102591
2026/04/10,川崎,雨,7,界雷賞(C2),ダ,900,重,12,2,2,2,ナキムシヒカル,牝,6,53.0,☆中山遥人,55.5,1,1,1.4,37.8,1-1,川崎田辺陽一,517.0,-3.0,2020106075
2026/04/10,川崎,雨,7,界雷賞(C2),ダ,900,重,12,3,8,12,アーガイルピンク,牝,8,54.0,池谷匠翔,55.7,1.1/2,2,8.0,37.7,4-4,川崎山田質,454.0,3.0,2018104028
2026/04/10,川崎,雨,7,界雷賞(C2),ダ,900,重,12,4,1,1,レガシーオブエリザ,牝,5,54.0,仲野光馬,55.8,クビ,7,38.4,37.8,5-2,船橋阿井正雄,443.0,-5.0,2021105915
2026/04/10,川崎,雨,7,界雷賞(C2),ダ,900,重,12,5,7,9,ベルバルト,牡,4,56.0,伊藤裕人,56.0,1,5,12.2,37.6,7-7,川崎酒井忍,451.0,2.0,2022104025
2026/04/10,川崎,雨,7,界雷賞(C2),ダ,900,重,12,6,3,3,フェアーメロディ,牝,4,54.0,古岡勇樹,56.0,ハナ,3,8.9,37.3,9-8,川崎秋山直之,457.0,23.0,2022105571
2026/04/10,川崎,雨,7,界雷賞(C2),ダ,900,重,12,7,4,4,アースメロディ,牝,5,54.0,秋元耕成,56.3,1.1/2,6,27.0,38.5,2-3,浦和箕輪武,498.0,-13.0,2021105342
2026/04/10,川崎,雨,7,界雷賞(C2),ダ,900,重,12,8,7,10,インファンタ,牝,5,54.0,川島正太,56.4,3/4,4,9.2,37.7,8-9,船橋岩崎真樹,484.0,-9.0,2021101225
2026/04/10,川崎,雨,7,界雷賞(C2),ダ,900,重,12,9,5,6,ウロボロス,牡,5,56.0,中越琉世,56.5,3/4,11,86.9,37.6,11-10,川崎山崎尋美,457.0,18.0,2021100628
2026/04/10,川崎,雨,7,界雷賞(C2),ダ,900,重,12,10,8,11,レターフロムパリ,牝,5,54.0,櫻井光輔,57.3,4,9,66.5,39.3,3-6,川崎久保勇,464.0,1.0,2021104315
2026/04/10,川崎,雨,7,界雷賞(C2),ダ,900,重,12,11,6,8,カルストンオリビア,牝,4,51.0,▲加藤雄真,57.6,1.1/2,10,86.5,38.9,10-11,川崎八木正喜,406.0,-7.0,2022106367
2026/04/10,川崎,雨,7,界雷賞(C2),ダ,900,重,12,取消,6,7,タウンホール,牝,5,54.0,本田紀忠,,,,,,,川崎久保秀男,,,2021101697
2026/04/10,川崎,雨,8,C1一二,ダ,1400,重,12,1,4,4,パイロデキセキ,牡,5,56.0,矢野貴之,90.8,,2,3.9,39.6,10-8-7,川崎鈴木義久,481.0,-16.0,2021101321
2026/04/10,川崎,雨,8,C1一二,ダ,1400,重,12,2,5,5,ピースシャイニー,牡,4,56.0,和田譲治,90.8,クビ,6,15.4,40.1,5-4-5-5,浦和宇野木博,478.0,-1.0,2022106509
2026/04/10,川崎,雨,8,C1一二,ダ,1400,重,12,3,7,9,ビコーズウイキャン,牡,5,56.0,七夕裕次,91.1,1.1/2,7,20.5,39.7,8-9-10,浦和長谷川忍,465.0,-3.0,2021103695
2026/04/10,川崎,雨,8,C1一二,ダ,1400,重,12,4,3,3,ボルドーティラミス,牝,4,53.0,☆中山遥人,91.1,ハナ,8,25.1,41.5,1-1-1-1,川崎田辺陽一,458.0,-5.0,2022102368
2026/04/10,川崎,雨,8,C1一二,ダ,1400,重,12,5,2,2,スナオナキモチ,牝,6,54.0,田中涼,91.3,1,10,77.5,39.7,9-8-11-9,川崎山田質,425.0,-8.0,2020105169
2026/04/10,川崎,雨,8,C1一二,ダ,1400,重,12,6,5,6,ノーブルウィスパー,牝,5,54.0,増田充宏,91.3,アタマ,5,13.0,40.6,7-5-6-6,川崎佐々木仁,455.0,3.0,2021102854
2026/04/10,川崎,雨,8,C1一二,ダ,1400,重,12,7,1,1,ランニングホット,牝,4,54.0,張田昂,91.7,2,4,10.2,41.4,4-4-2,川崎山崎裕也,424.0,-7.0,2022100402
2026/04/10,川崎,雨,8,C1一二,ダ,1400,重,12,8,8,11,ニキ,牡,5,56.0,町田直希,91.9,1,3,4.6,41.9,3-3-4,浦和野口寛仁,505.0,0.0,2021106917
2026/04/10,川崎,雨,8,C1一二,ダ,1400,重,12,9,8,12,アオイラン,牝,5,54.0,櫻井光輔,92.8,4,11,104.5,41.2,11-9-12-11,川崎久保勇,476.0,-4.0,2021104115
2026/04/10,川崎,雨,8,C1一二,ダ,1400,重,12,10,7,10,ブラッドライン,牡,7,55.0,☆佐野遥久,92.8,アタマ,1,2.4,41.8,6-6-7-8,川崎田島寿一,493.0,6.0,2019101003
2026/04/10,川崎,雨,8,C1一二,ダ,1400,重,12,11,6,7,ミスサン,牝,5,54.0,鷹見陸,93.9,5,9,36.1,44.1,2-2-2-3,川崎佐藤博紀,447.0,1.0,2021107068
2026/04/10,川崎,雨,8,C1一二,ダ,1400,重,12,取消,6,8,タキ,牡,5,56.0,野畑凌,,,,,,,川崎甲田悟史,,,2021101428
2026/04/10,川崎,雨,9,C1一二,ダ,1400,重,12,1,7,10,デルマプルシャ,セ,5,56.0,野畑凌,91.4,,2,2.4,40.4,1-1-1,浦和箕輪武,498.0,-8.0,2021101984
2026/04/10,川崎,雨,9,C1一二,ダ,1400,重,12,2,8,12,モウ,牡,4,56.0,福原杏,92.0,3,3,6.8,40.0,10-11-5-5,浦和水野貴史,483.0,-12.0,2022103771
2026/04/10,川崎,雨,9,C1一二,ダ,1400,重,12,3,6,7,シエルラビクトア,牝,6,54.0,町田直希,92.2,1,6,23.6,40.6,5-4-3,川崎山田質,504.0,-4.0,2020100961
2026/04/10,川崎,雨,9,C1一二,ダ,1400,重,12,4,4,4,スターアドミラル,牡,5,55.0,☆佐野遥久,92.3,3/4,8,50.0,40.7,3-3-2,川崎高月賢一,509.0,11.0,2021109019
2026/04/10,川崎,雨,9,C1一二,ダ,1400,重,12,5,5,6,リコーターター,牝,4,54.0,西啓太,92.4,クビ,9,54.5,40.0,12-13-10-6,川崎久保秀男,466.0,-3.0,2022102249
2026/04/10,川崎,雨,9,C1一二,ダ,1400,重,12,6,6,8,マジカルレイズ,牡,5,56.0,張田昂,92.6,1,4,13.5,40.6,9-10-4-3,川崎山崎裕也,477.0,-3.0,2021103993
2026/04/10,川崎,雨,9,C1一二,ダ,1400,重,12,7,2,2,アンジュミストラル,牝,5,51.0,▲加藤雄真,93.0,2,7,32.1,41.0,4-7-7-4,川崎佐藤博紀,473.0,3.0,2021106660
2026/04/10,川崎,雨,9,C1一二,ダ,1400,重,12,8,7,9,カプローニ,牝,5,54.0,岡村健司,93.0,ハナ,11,75.2,41.0,8-8-6-2,浦和酒井一則,456.0,-8.0,2021106029
2026/04/10,川崎,雨,9,C1一二,ダ,1400,重,12,9,3,3,アイノシャンティー,牝,5,54.0,矢野貴之,93.4,2,5,14.7,41.0,11-12-9-7,川崎佐々木仁,512.0,5.0,2021100826
2026/04/10,川崎,雨,9,C1一二,ダ,1400,重,12,10,5,5,エスジースパークル,牝,6,54.0,木間塚龍,93.8,2,12,103.3,41.6,7-9-8-8,川崎田島寿一,470.0,17.0,2020100130
2026/04/10,川崎,雨,9,C1一二,ダ,1400,重,12,中止,1,1,ベルエアキング,牡,4,56.0,笹川翼,,,1,2.4,,2-2,川崎酒井忍,485.0,1.0,2022104961
2026/04/10,川崎,雨,9,C1一二,ダ,1400,重,12,中止,8,11,アルティメット,牝,5,54.0,中越琉世,,,10,70.6,,6-5,川崎武井和実,414.0,5.0,2021101619
2026/04/10,川崎,雨,10,神速賞(C1),ダ,900,不,12,1,7,9,モズアンドモズ,牝,4,54.0,野畑凌,54.8,,1,1.7,37.5,2,川崎秋山直之,473.0,8.0,2022102119
2026/04/10,川崎,雨,10,神速賞(C1),ダ,900,不,12,2,6,8,マナコア,牝,4,54.0,町田直希,54.8,クビ,2,4.0,37.7,1,川崎平田正一,487.0,-3.0,2022101360
2026/04/10,川崎,雨,10,神速賞(C1),ダ,900,不,12,3,7,10,シナツヒメ,牝,4,54.0,和田譲治,55.3,2.1/2,6,22.6,37.2,5-6,船橋新井清重,439.0,-3.0,2022106431
2026/04/10,川崎,雨,10,神速賞(C1),ダ,900,不,12,4,2,2,サンファウンテン,牡,5,56.0,西村栄喜,55.4,3/4,9,89.3,37.9,,船橋石井勝男,495.0,-4.0,2021104041
2026/04/10,川崎,雨,10,神速賞(C1),ダ,900,不,12,5,8,12,イイクニアシェル,牡,5,55.0,☆佐野遥久,55.6,1,3,7.5,37.1,6-5,川崎久保秀男,513.0,4.0,2021101143
2026/04/10,川崎,雨,10,神速賞(C1),ダ,900,不,12,6,5,5,クラパッション,牝,4,54.0,西啓太,55.6,アタマ,11,95.0,37.3,7-4,浦和藤原智行,482.0,0.0,2022101301
2026/04/10,川崎,雨,10,神速賞(C1),ダ,900,不,12,7,3,3,デルマカミーラ,牝,7,54.0,古岡勇樹,55.7,1/2,5,16.4,38.4,2,川崎山崎裕也,482.0,2.0,2019100170
2026/04/10,川崎,雨,10,神速賞(C1),ダ,900,不,12,8,5,6,ネバーエンドマーチ,牡,4,55.0,☆中山遥人,56.3,3,7,32.3,38.4,4,川崎高月賢一,465.0,-10.0,2022110154
2026/04/10,川崎,雨,10,神速賞(C1),ダ,900,不,12,9,8,11,ラヴィンローゼス,牝,5,54.0,藤江渉,56.3,アタマ,8,60.3,37.1,11-10,川崎八木正喜,400.0,1.0,2021103997
2026/04/10,川崎,雨,10,神速賞(C1),ダ,900,不,12,10,6,7,シンシアビューティ,牝,4,54.0,新原周馬,56.5,1,10,92.4,38.0,8-7,川崎林隆之,462.0,-6.0,2022101534
2026/04/10,川崎,雨,10,神速賞(C1),ダ,900,不,12,11,4,4,シンフォニーシーズ,牝,4,54.0,菅原涼太,56.7,1,4,8.9,38.2,9-8,川崎佐々木仁,434.0,-3.0,2022105612
2026/04/10,川崎,雨,10,神速賞(C1),ダ,900,不,12,12,1,1,アンエクスプロード,牡,4,56.0,澤田龍哉,56.9,1,12,102.2,38.1,10-9,船橋大津剛,524.0,-4.0,2022104571
2026/04/10,川崎,雨,11,桜吹雪特別(B1B2),ダ,1600,不,10,1,4,4,グーヴェルナイユ,牡,5,57.0,澤田龍哉,103.2,,1,2.7,40.0,3-5-3-4,船橋森泰斗,475.0,4.0,2021106612
2026/04/10,川崎,雨,11,桜吹雪特別(B1B2),ダ,1600,不,10,2,8,10,ティルドーン,牡,6,57.0,野畑凌,103.5,1.1/2,4,7.9,40.4,2-2-2-2,浦和小久保智,532.0,-19.0,2020110132
2026/04/10,川崎,雨,11,桜吹雪特別(B1B2),ダ,1600,不,10,3,1,1,ホッコーソムニウム,牡,6,56.0,☆佐野遥久,103.6,クビ,3,4.4,40.3,4-3-4-3,川崎山崎裕也,488.0,-2.0,2020101379
2026/04/10,川崎,雨,11,桜吹雪特別(B1B2),ダ,1600,不,10,4,2,2,ドリームジャパン,牡,4,57.0,矢野貴之,103.8,1,2,3.4,40.3,6-6-5-6,川崎高月賢一,470.0,2.0,2022105999
2026/04/10,川崎,雨,11,桜吹雪特別(B1B2),ダ,1600,不,10,5,7,8,ランドマックス,牡,5,57.0,木間塚龍,104.1,1.1/2,7,26.5,40.5,7-7-6-7,船橋矢野義幸,513.0,-6.0,2021100251
2026/04/10,川崎,雨,11,桜吹雪特別(B1B2),ダ,1600,不,10,6,5,5,マインドユアミモザ,牝,6,52.0,▲加藤雄真,104.3,1,10,154.7,39.9,10-9,川崎河津裕昭,484.0,5.0,2020105197
2026/04/10,川崎,雨,11,桜吹雪特別(B1B2),ダ,1600,不,10,7,6,6,サヨノフィールド,牡,7,57.0,鷹見陸,104.8,2.1/2,8,46.5,40.8,8-8-8-5,川崎加藤誠一,519.0,0.0,2019104316
2026/04/10,川崎,雨,11,桜吹雪特別(B1B2),ダ,1600,不,10,8,3,3,メンタイマヨ,牡,7,57.0,新原周馬,105.3,2.1/2,5,8.9,41.5,5-4-7-8,川崎林隆之,498.0,-2.0,2019100930
2026/04/10,川崎,雨,11,桜吹雪特別(B1B2),ダ,1600,不,10,9,8,9,カレンチャンキー,牝,6,55.0,櫻井光輔,105.3,クビ,6,17.4,42.2,1-1-1-1,浦和小久保智,483.0,-4.0,2020101162
2026/04/10,川崎,雨,11,桜吹雪特別(B1B2),ダ,1600,不,10,10,7,7,マサハヤウォルズ,牡,6,57.0,和田譲治,109.7,大,9,62.6,45.2,9-10,浦和野口孝,491.0,2.0,2020103045
2026/04/10,川崎,雨,12,ファイナルアンサー賞(B3),ダ,1500,不,11,1,3,3,ヴィルミーキスミー,牝,4,54.0,矢野貴之,97.2,,1,2.9,39.8,2-2-4,川崎古澤悟,466.0,1.0,2022101098
2026/04/10,川崎,雨,12,ファイナルアンサー賞(B3),ダ,1500,不,11,2,8,10,クロームウルフ,牡,5,56.0,山林堂信,97.6,2,5,11.6,41.2,1,川崎平田正一,471.0,3.0,2021101073
2026/04/10,川崎,雨,12,ファイナルアンサー賞(B3),ダ,1500,不,11,3,2,2,エムティワイザー,牡,4,56.0,古岡勇樹,97.6,アタマ,2,3.1,39.5,8-8-6,川崎山崎裕也,429.0,3.0,2022107328
2026/04/10,川崎,雨,12,ファイナルアンサー賞(B3),ダ,1500,不,11,4,6,7,コスモスミッチー,牝,6,54.0,新原周馬,97.7,1/2,9,29.4,40.5,2-2,川崎田辺陽一,471.0,11.0,2020106296
2026/04/10,川崎,雨,12,ファイナルアンサー賞(B3),ダ,1500,不,11,5,1,1,テディージュエリー,牡,4,56.0,増田充宏,97.7,クビ,8,27.4,39.9,7-6-9-3,川崎加藤誠一,499.0,-1.0,2022101257
2026/04/10,川崎,雨,12,ファイナルアンサー賞(B3),ダ,1500,不,11,6,6,6,エイシントゥラン,牝,7,54.0,池谷匠翔,97.8,クビ,6,13.3,40.4,4-4-3-5,川崎今井輝和,476.0,4.0,2019103469
2026/04/10,川崎,雨,12,ファイナルアンサー賞(B3),ダ,1500,不,11,7,7,9,コパノマロン,牝,4,54.0,櫻井光輔,97.9,クビ,7,26.3,40.4,3-3-6-4,川崎山崎尋美,453.0,6.0,2022104326
2026/04/10,川崎,雨,12,ファイナルアンサー賞(B3),ダ,1500,不,11,8,8,11,アルメールヴェント,牡,4,53.0,▲加藤雄真,98.5,3,4,7.6,40.8,5-5-7-7,川崎河津裕昭,461.0,1.0,2022100874
2026/04/10,川崎,雨,12,ファイナルアンサー賞(B3),ダ,1500,不,11,9,7,8,レッドサラマンダー,牡,4,55.0,☆中山遥人,99.5,5,11,74.1,40.6,10-10-10,川崎久保秀男,472.0,3.0,2022102485
2026/04/10,川崎,雨,12,ファイナルアンサー賞(B3),ダ,1500,不,11,10,5,5,アーサ,牡,4,56.0,野畑凌,99.8,1.1/2,3,6.0,42.1,9-9-5-8,川崎高月賢一,491.0,-8.0,2022106885
2026/04/10,川崎,雨,12,ファイナルアンサー賞(B3),ダ,1500,不,11,11,4,4,ゴールドモーニン,牡,4,56.0,木間塚龍,99.9,1/2,10,59.9,41.9,6-7-8-11,川崎田島寿一,518.0,-25.0,2022106407
2026/04/10,金沢,雨,1,C29,ダ,1500,不,8,1,5,5,ブランクシート,牡,4,57.0,栗原大河,103.5,,1,1.9,40.3,2-2-1,金沢佐藤茂,450.0,-4.0,2022101671
2026/04/10,金沢,雨,1,C29,ダ,1500,不,8,2,8,8,ユナパール,牝,4,55.0,青柳正義,104.8,6,3,3.0,41.5,3,金沢池田敦,498.0,2.0,2022104261
2026/04/10,金沢,雨,1,C29,ダ,1500,不,8,3,1,1,アマソナ,牝,6,55.0,鈴木太一,105.3,2.1/2,8,164.9,41.8,4-3-4-3,金沢井樋一也,477.0,-2.0,2020103801
2026/04/10,金沢,雨,1,C29,ダ,1500,不,8,4,6,6,ザブルース,牝,5,55.0,柴田勇真,105.6,1.1/2,2,2.8,42.0,3-4-5-4,金沢池田敦,442.0,1.0,2021100121
2026/04/10,金沢,雨,1,C29,ダ,1500,不,8,5,4,4,カットビホッキマン,セ,6,57.0,吉田晃浩,106.2,3,6,81.2,42.3,7-7-6-5,金沢佐藤茂,427.0,-1.0,2020100790
2026/04/10,金沢,雨,1,C29,ダ,1500,不,8,6,7,7,ビッグタイマー,牡,8,57.0,魚住謙心,107.3,5,4,49.1,43.4,8-7,金沢鋤田誠二,474.0,0.0,2018104873
2026/04/10,金沢,雨,1,C29,ダ,1500,不,8,7,3,3,クリノヒビキ,セ,11,57.0,服部大地,108.0,3,7,81.6,43.8,6-6-7-6,金沢田嶋弘幸,518.0,3.0,2015103766
2026/04/10,金沢,雨,1,C29,ダ,1500,不,8,8,2,2,ウエスタンアミーゴ,牝,8,55.0,田知弘久,108.2,1,5,58.4,44.9,1-1-2-2,金沢田嶋弘幸,432.0,-2.0,2018103445
2026/04/10,金沢,雨,2,守史&由香里☆結婚1周年☆おめでとう記念(C2),ダ,1500,不,8,1,1,1,ハットメリリー,牝,4,55.0,中島龍也,103.3,,1,1.2,42.1,2-2,金沢金田一昌,426.0,-3.0,2022101569
2026/04/10,金沢,雨,2,守史&由香里☆結婚1周年☆おめでとう記念(C2),ダ,1500,不,8,2,2,2,クイーンオブロード,牝,7,55.0,平瀬城久,105.3,大,4,27.4,42.3,4-4,金沢黒木豊,441.0,4.0,2019101152
2026/04/10,金沢,雨,2,守史&由香里☆結婚1周年☆おめでとう記念(C2),ダ,1500,不,8,3,7,7,エイシンオナーズ,牝,5,55.0,兼子千央,105.3,アタマ,5,33.8,42.2,7-7-6,金沢井樋一也,497.0,3.0,2021100436
2026/04/10,金沢,雨,2,守史&由香里☆結婚1周年☆おめでとう記念(C2),ダ,1500,不,8,4,8,8,タワークライマー,セ,4,57.0,柴田勇真,105.4,3/4,2,5.4,44.4,1-1,金沢金田一昌,451.0,9.0,2022103334
2026/04/10,金沢,雨,2,守史&由香里☆結婚1周年☆おめでとう記念(C2),ダ,1500,不,8,5,3,3,シュンレツ,牡,5,57.0,魚住謙心,106.7,6,3,7.5,45.1,2-2,金沢鋤田誠二,455.0,-9.0,2021100334
2026/04/10,金沢,雨,2,守史&由香里☆結婚1周年☆おめでとう記念(C2),ダ,1500,不,8,6,6,6,ムーンライトアリア,牝,9,55.0,青柳正義,106.8,1/2,8,137.3,43.7,5-6-5-6,金沢鈴木正也,463.0,4.0,2017102054
2026/04/10,金沢,雨,2,守史&由香里☆結婚1周年☆おめでとう記念(C2),ダ,1500,不,8,7,5,5,ナムラジャクソン,牡,6,57.0,松戸政也,108.0,6,6,50.1,44.8,6-5-4-5,金沢吉井一良,520.0,-3.0,2020106189
2026/04/10,金沢,雨,2,守史&由香里☆結婚1周年☆おめでとう記念(C2),ダ,1500,不,8,8,4,4,フクノアルズ,セ,7,57.0,吉田晃浩,112.0,大,7,82.3,50.3,3-3-4,金沢田嶋弘幸,496.0,-8.0,2019101539
2026/04/10,金沢,雨,3,C27,ダ,1400,不,9,1,8,9,ロングサクセション,牡,8,57.0,青柳正義,95.5,,1,2.4,41.0,2-2,金沢鈴木正也,485.0,-2.0,2018103771
2026/04/10,金沢,雨,3,C27,ダ,1400,不,9,2,5,5,ライトニングラン,牝,4,55.0,服部大地,95.9,2,2,2.5,41.5,1-1,金沢田嶋弘幸,419.0,-1.0,2022102657
2026/04/10,金沢,雨,3,C27,ダ,1400,不,9,3,4,4,エイシンセラフィム,牡,6,57.0,柴田勇真,97.0,5,3,3.9,41.3,7-7-6-2,金沢田嶋弘幸,533.0,-6.0,2020106261
2026/04/10,金沢,雨,3,C27,ダ,1400,不,9,4,2,2,パープルヘイズ,牝,4,55.0,鈴木太一,97.1,1/2,4,10.7,42.5,3-3-2,金沢室井眞文,464.0,-2.0,2022100895
2026/04/10,金沢,雨,3,C27,ダ,1400,不,9,5,8,8,ギャクテンオー,牡,6,57.0,栗原大河,98.5,7,5,27.7,42.5,9-9-4,金沢宗綱泰彦,476.0,-4.0,2020109007
2026/04/10,金沢,雨,3,C27,ダ,1400,不,9,6,3,3,ウインドアリエル,牝,8,55.0,魚住謙心,99.0,2.1/2,6,33.7,42.2,8-8-6,金沢野田幸雄,426.0,0.0,2018103525
2026/04/10,金沢,雨,3,C27,ダ,1400,不,9,7,7,7,フィーユポワソン,牝,6,52.0,▲浅野登生,99.0,クビ,9,200.5,43.7,5-5-7-5,金沢中川雅之,404.0,5.0,2020104441
2026/04/10,金沢,雨,3,C27,ダ,1400,不,9,8,1,1,ハートリープ,牝,8,55.0,沖静男,99.3,1.1/2,7,55.9,44.2,6-6-3,金沢川添明弘,430.0,6.0,2018102175
2026/04/10,金沢,雨,3,C27,ダ,1400,不,9,9,6,6,ルーナ,牝,5,55.0,吉田晃浩,99.9,3,8,69.9,45.3,4-4-4-3,金沢田嶋弘幸,457.0,-10.0,2021107306
2026/04/10,金沢,雨,4,C26,ダ,1400,不,8,1,6,6,コーパスクリスティ,牡,6,57.0,中島龍也,95.2,,1,1.2,40.5,1-1-1,金沢加藤和宏,497.0,0.0,2020103703
2026/04/10,金沢,雨,4,C26,ダ,1400,不,8,2,8,8,レッドフェリーチェ,牝,9,55.0,栗原大河,97.4,大,5,26.1,42.6,2-2,金沢宗綱泰彦,456.0,5.0,2017102021
2026/04/10,金沢,雨,4,C26,ダ,1400,不,8,3,7,7,ビービービルダー,牡,8,57.0,魚住謙心,97.7,1.1/2,4,16.5,41.0,8-6,金沢鋤田誠二,493.0,0.0,2018101356
2026/04/10,金沢,雨,4,C26,ダ,1400,不,8,4,1,1,ジャッカルズサン,牡,6,57.0,沖静男,97.9,1,8,62.8,43.0,5-3-2,金沢藤田弘治,437.0,0.0,2020101393
2026/04/10,金沢,雨,4,C26,ダ,1400,不,8,5,2,2,ナイトプラネット,牝,5,55.0,松戸政也,98.6,3,6,32.8,43.4,3-4-3,金沢井樋一也,462.0,7.0,2021106220
2026/04/10,金沢,雨,4,C26,ダ,1400,不,8,6,3,3,ブラボーキリシマ,牝,5,55.0,平瀬城久,99.0,2,3,13.8,43.4,7-4,金沢池田敦,415.0,2.0,2021104082
2026/04/10,金沢,雨,4,C26,ダ,1400,不,8,7,5,5,ミスキャサリン,牝,5,55.0,柴田勇真,99.1,クビ,2,5.1,44.0,4-5,金沢中川雅之,446.0,6.0,2021102155
2026/04/10,金沢,雨,4,C26,ダ,1400,不,8,8,4,4,プリティドヌーヴ,牝,5,55.0,服部大地,99.8,3,7,51.9,44.3,6-6-5-4,金沢菅原欣也,429.0,6.0,2021106067
2026/04/10,金沢,雨,5,泰輝☆祐香結婚式記念杯(C2),ダ,1500,不,6,1,2,2,ワカムシャ,牡,4,57.0,柴田勇真,100.5,,1,1.2,40.3,1-1-1-1,金沢金田一昌,515.0,-3.0,2022106543
2026/04/10,金沢,雨,5,泰輝☆祐香結婚式記念杯(C2),ダ,1500,不,6,2,6,6,ニューレトロ,牡,7,57.0,松戸政也,102.5,大,2,4.9,41.9,5-4-2,金沢金田一昌,463.0,2.0,2019106145
2026/04/10,金沢,雨,5,泰輝☆祐香結婚式記念杯(C2),ダ,1500,不,6,3,4,4,トップキング,牡,7,57.0,魚住謙心,104.5,大,5,23.1,42.8,4-5,金沢鋤田誠二,444.0,-10.0,2019104121
2026/04/10,金沢,雨,5,泰輝☆祐香結婚式記念杯(C2),ダ,1500,不,6,4,3,3,ウインフェリーチェ,牝,7,55.0,服部大地,104.6,クビ,6,100.6,42.2,6-7,金沢室井眞文,417.0,-8.0,2019100194
2026/04/10,金沢,雨,5,泰輝☆祐香結婚式記念杯(C2),ダ,1500,不,6,5,5,5,ボルサリーノ,牡,9,57.0,吉田晃浩,104.6,アタマ,3,8.4,44.4,2-2-2-3,金沢田嶋弘幸,503.0,-4.0,2017103621
2026/04/10,金沢,雨,5,泰輝☆祐香結婚式記念杯(C2),ダ,1500,不,6,6,1,1,ビックハート,セ,9,54.0,▲浅野登生,105.4,4,4,18.8,44.3,3-3-6,金沢高橋優子,408.0,-3.0,2017106423
2026/04/10,金沢,曇,6,C24,ダ,1500,不,9,1,3,3,アルマイナンナ,牝,9,55.0,中島龍也,103.0,,2,2.9,41.0,4-4-2-2,金沢加藤和宏,452.0,4.0,2017102945
2026/04/10,金沢,曇,6,C24,ダ,1500,不,9,2,4,4,リアンジュ,牡,4,57.0,栗原大河,104.2,6,1,2.0,42.3,3-3-4-3,金沢藤田弘治,497.0,1.0,2022100857
2026/04/10,金沢,曇,6,C24,ダ,1500,不,9,3,1,1,アイルシャンス,牝,4,55.0,葛山晃平,104.3,クビ,4,10.6,42.0,5-5-6-4,金沢川添明弘,426.0,-4.0,2022101474
2026/04/10,金沢,曇,6,C24,ダ,1500,不,9,4,2,2,マードラド,セ,4,57.0,魚住謙心,104.7,2,5,11.7,43.1,1-1,金沢藤田弘治,470.0,2.0,2022107343
2026/04/10,金沢,曇,6,C24,ダ,1500,不,9,5,5,5,ビックゲート,牡,4,57.0,田知弘久,105.0,1.1/2,6,41.7,42.2,9-8,金沢高橋優子,472.0,0.0,2022101099
2026/04/10,金沢,曇,6,C24,ダ,1500,不,9,6,6,6,ニンギルス,牡,9,57.0,吉田晃浩,105.7,3,3,5.8,43.9,3-5,金沢田嶋弘幸,486.0,8.0,2017103048
2026/04/10,金沢,曇,6,C24,ダ,1500,不,9,7,8,9,コンパウンダー,牡,11,57.0,沖静男,105.9,1,7,46.8,42.9,8-7,金沢川添明弘,483.0,-2.0,2015101571
2026/04/10,金沢,曇,6,C24,ダ,1500,不,9,8,7,7,マイネルトワイス,牡,11,57.0,柴田勇真,106.0,クビ,9,107.4,43.7,6-6-7-6,金沢鋤田誠二,481.0,-1.0,2015100886
2026/04/10,金沢,曇,6,C24,ダ,1500,不,9,9,8,8,ナムラパール,牝,4,55.0,青柳正義,106.6,3,8,76.5,44.5,2-2-5-9,金沢高橋優子,429.0,4.0,2022104304
2026/04/10,金沢,曇,7,C23,ダ,1400,不,9,1,6,6,ルビープリンセス,牝,8,55.0,魚住謙心,96.5,,8,40.9,41.5,2-2,金沢鋤田誠二,447.0,6.0,2018106579
2026/04/10,金沢,曇,7,C23,ダ,1400,不,9,2,4,4,フィエールガール,牝,4,55.0,吉田晃浩,96.5,ハナ,1,1.4,41.4,5-5-3-3,金沢佐藤茂,472.0,6.0,2022100715
2026/04/10,金沢,曇,7,C23,ダ,1400,不,9,3,8,9,パンツタイショウ,牡,5,57.0,兼子千央,96.5,クビ,2,5.5,42.0,1-1,金沢井樋一也,491.0,-3.0,2021106023
2026/04/10,金沢,曇,7,C23,ダ,1400,不,9,4,8,8,シェーンシュタット,牡,8,57.0,中島龍也,97.3,4,4,19.1,42.0,3-4-5-5,金沢加藤和宏,453.0,-4.0,2018103531
2026/04/10,金沢,曇,7,C23,ダ,1400,不,9,5,7,7,ネモフィラ,牝,6,55.0,松戸政也,97.9,3,6,20.7,41.4,8-9-9-9,金沢菅原欣也,455.0,0.0,2020106232
2026/04/10,金沢,曇,7,C23,ダ,1400,不,9,6,3,3,チョウノヨウニマウ,牝,4,55.0,青柳正義,98.1,1,3,6.4,42.9,2-2-4-4,金沢鈴木正也,446.0,1.0,2022102076
2026/04/10,金沢,曇,7,C23,ダ,1400,不,9,7,5,5,ヘリオシース,牝,10,55.0,柴田勇真,98.7,3,9,123.5,42.3,7-8-8-8,金沢野田幸雄,432.0,-2.0,2016101211
2026/04/10,金沢,曇,7,C23,ダ,1400,不,9,8,2,2,ソルセルリ,牝,5,55.0,栗原大河,99.5,4,5,19.4,44.1,4-3-6-6,金沢菅原欣也,431.0,11.0,2021105231
2026/04/10,金沢,曇,7,C23,ダ,1400,不,9,9,1,1,アポロリリー,牝,9,52.0,▲浅野登生,99.6,1/2,7,35.6,43.1,6-7-7-7,金沢室井眞文,428.0,3.0,2017100034
2026/04/10,金沢,曇,8,にゃりステ記念(C2),ダ,1400,不,9,1,4,4,プライムライン,セ,9,57.0,兼子千央,95.1,,1,1.7,41.2,2-2-2-2,金沢井樋一也,466.0,0.0,2017100403
2026/04/10,金沢,曇,8,にゃりステ記念(C2),ダ,1400,不,9,2,7,7,マリアディオーサ,牝,4,55.0,栗原大河,95.2,1/2,2,3.3,40.6,4,金沢佐藤茂,435.0,4.0,2022104023
2026/04/10,金沢,曇,8,にゃりステ記念(C2),ダ,1400,不,9,3,1,1,タッチザシーリング,牝,4,55.0,沖静男,96.4,6,4,28.8,42.7,1-1-1-1,金沢川添明弘,441.0,-4.0,2022105393
2026/04/10,金沢,曇,8,にゃりステ記念(C2),ダ,1400,不,9,4,8,9,エイユーサブリナ,牝,4,55.0,青柳正義,96.6,1,3,3.4,42.6,3-3-5,金沢佐藤茂,495.0,3.0,2022106852
2026/04/10,金沢,曇,8,にゃりステ記念(C2),ダ,1400,不,9,5,2,2,マノンルージュ,牡,7,57.0,葛山晃平,96.8,1,5,37.6,41.6,7-4-7,金沢鈴木正也,475.0,-2.0,2019104061
2026/04/10,金沢,曇,8,にゃりステ記念(C2),ダ,1400,不,9,6,8,8,ベストベルシック,牝,5,55.0,松戸政也,97.1,1.1/2,7,82.3,41.8,5-5-8,金沢菅原欣也,434.0,2.0,2021101437
2026/04/10,金沢,曇,8,にゃりステ記念(C2),ダ,1400,不,9,7,6,6,アポロダーウィン,牡,9,57.0,魚住謙心,97.4,1.1/2,6,62.2,40.4,8-10,金沢宗綱泰彦,524.0,5.0,2017101491
2026/04/10,金沢,曇,8,にゃりステ記念(C2),ダ,1400,不,9,8,3,3,チャックイーズラブ,牝,5,55.0,服部大地,97.7,1.1/2,9,324.1,42.6,6,金沢川添明弘,423.0,-3.0,2021103165
2026/04/10,金沢,曇,8,にゃりステ記念(C2),ダ,1400,不,9,9,5,5,ナムラダリウス,牡,6,57.0,鈴木太一,100.2,大,8,208.7,44.4,6-6-9,金沢室井眞文,455.0,-2.0,2020101949
2026/04/10,金沢,曇,9,B26,ダ,1400,不,10,1,8,10,イモータルソウル,牡,8,57.0,中島龍也,95.0,,1,1.6,40.1,4-6-3-3,金沢加藤和宏,475.0,6.0,2018103802
2026/04/10,金沢,曇,9,B26,ダ,1400,不,10,2,7,7,ロケットバディー,牝,4,55.0,葛山晃平,95.8,4,10,126.4,41.1,3-3-2-2,金沢川添明弘,440.0,-1.0,2022101235
2026/04/10,金沢,曇,9,B26,ダ,1400,不,10,3,7,8,カミノマジック,セ,6,57.0,青柳正義,96.0,1,3,6.4,40.9,7-8-7-7,金沢鈴木正也,482.0,-6.0,2020101149
2026/04/10,金沢,曇,9,B26,ダ,1400,不,10,4,4,4,ギンザターゲット,牝,5,55.0,松戸政也,96.2,1.1/2,9,53.4,41.2,5-5-5-5,金沢井樋一也,456.0,-3.0,2021103229
2026/04/10,金沢,曇,9,B26,ダ,1400,不,10,5,3,3,ドーンコスモ,牝,5,55.0,鈴木太一,96.6,2,5,18.7,41.3,8-7-10-11,金沢加藤和義,407.0,3.0,2021101949
2026/04/10,金沢,曇,9,B26,ダ,1400,不,10,6,8,9,チョボナイノ,牝,5,55.0,吉田晃浩,96.6,クビ,4,14.4,41.3,9-9-9-9,金沢宗綱泰彦,430.0,7.0,2021103825
2026/04/10,金沢,曇,9,B26,ダ,1400,不,10,7,1,1,エムティワルツ,牝,5,55.0,魚住謙心,96.8,1,2,3.9,42.3,1-1-1-1,金沢佐藤茂,432.0,-1.0,2021103086
2026/04/10,金沢,曇,9,B26,ダ,1400,不,10,8,6,6,ベストイズアスク,牝,5,55.0,兼子千央,96.8,クビ,8,47.0,41.8,10-10-8-10,金沢川添明弘,421.0,-2.0,2021102319
2026/04/10,金沢,曇,9,B26,ダ,1400,不,10,9,5,5,マイネルジュリアン,牡,6,57.0,沖静男,98.8,大,7,32.3,43.9,2-2-4-6,金沢川添明弘,500.0,3.0,2020105759
2026/04/10,金沢,曇,9,B26,ダ,1400,不,10,10,2,2,ジェネロジテ,牡,6,57.0,田知弘久,99.2,2,6,24.0,44.1,6-4-6-8,金沢田嶋弘幸,519.0,9.0,2020104060
2026/04/10,金沢,曇,10,地方競馬の馬券はSPAT4で!賞(B2),ダ,1500,不,9,1,1,1,シンリミテス,牡,7,57.0,吉原寛人,98.6,,1,1.3,39.2,1-1-1,金沢加藤和義,528.0,14.0,2019106148
2026/04/10,金沢,曇,10,地方競馬の馬券はSPAT4で!賞(B2),ダ,1500,不,9,2,8,9,コパノフランシス,牝,7,55.0,栗原大河,101.0,大,4,15.4,41.5,2-3,金沢菅原欣也,474.0,-9.0,2019103928
2026/04/10,金沢,曇,10,地方競馬の馬券はSPAT4で!賞(B2),ダ,1500,不,9,3,3,3,ハイエストポイント,牡,8,57.0,加藤翔馬,101.1,クビ,3,8.5,41.7,2,金沢金田一昌,466.0,10.0,2018102048
2026/04/10,金沢,曇,10,地方競馬の馬券はSPAT4で!賞(B2),ダ,1500,不,9,4,7,7,ハートロック,セ,8,57.0,沖静男,101.9,4,6,28.3,42.2,3-2,金沢藤田弘治,498.0,-3.0,2018102268
2026/04/10,金沢,曇,10,地方競馬の馬券はSPAT4で!賞(B2),ダ,1500,不,9,5,2,2,ソウルユニバンス,セ,9,57.0,青柳正義,101.9,アタマ,5,22.9,40.7,2,金沢中川雅之,485.0,1.0,2017105358
2026/04/10,金沢,曇,10,地方競馬の馬券はSPAT4で!賞(B2),ダ,1500,不,9,6,6,6,ノーブルジェネシス,牡,4,57.0,魚住謙心,102.1,1,2,5.7,40.2,3,金沢鋤田誠二,497.0,1.0,2022100680
2026/04/10,金沢,曇,10,地方競馬の馬券はSPAT4で!賞(B2),ダ,1500,不,9,7,8,8,アポロミラクル,牡,8,57.0,中島龍也,104.5,大,7,33.0,42.1,5-5-4,金沢加藤和宏,500.0,0.0,2018104018
2026/04/10,金沢,曇,10,地方競馬の馬券はSPAT4で!賞(B2),ダ,1500,不,9,8,4,4,フォーユーランラン,牝,7,55.0,平瀬城久,106.2,8,9,180.0,42.9,6-6-5,金沢黒木豊,451.0,1.0,2019101396
2026/04/10,金沢,曇,10,地方競馬の馬券はSPAT4で!賞(B2),ダ,1500,不,9,9,5,5,ラースアルアイン,牡,4,57.0,柴田勇真,106.6,2,8,76.3,43.2,7-7-4-6,金沢吉井一良,524.0,2.0,2022100263
2026/04/10,金沢,曇,11,楽天競馬で馬券を買おう!楽天競馬特別(A1),ダ,1500,不,10,1,1,1,キュムロンニンバス,牡,8,57.0,田知弘久,100.3,,1,1.4,42.3,1-1-1,金沢金田一昌,519.0,4.0,2018106597
2026/04/10,金沢,曇,11,楽天競馬で馬券を買おう!楽天競馬特別(A1),ダ,1500,不,10,2,6,6,デルマアートマン,セ,5,57.0,加藤翔馬,100.7,2,7,39.0,41.2,5-5-3,金沢加藤和義,492.0,3.0,2021104992
2026/04/10,金沢,曇,11,楽天競馬で馬券を買おう!楽天競馬特別(A1),ダ,1500,不,10,3,8,9,ローズピリオド,牡,7,57.0,平瀬城久,100.9,1,2,3.0,42.9,2-2,金沢加藤和義,501.0,2.0,2019100764
2026/04/10,金沢,曇,11,楽天競馬で馬券を買おう!楽天競馬特別(A1),ダ,1500,不,10,4,4,4,ペルソナ,牡,6,57.0,沖静男,101.4,2.1/2,6,30.6,41.1,7-8-7-4,金沢川添明弘,505.0,6.0,2020106685
2026/04/10,金沢,曇,11,楽天競馬で馬券を買おう!楽天競馬特別(A1),ダ,1500,不,10,5,5,5,シスターアクト,牝,5,55.0,柴田勇真,101.4,アタマ,4,26.1,40.8,6-7-7,金沢中川雅之,509.0,-4.0,2021103622
2026/04/10,金沢,曇,11,楽天競馬で馬券を買おう!楽天競馬特別(A1),ダ,1500,不,10,6,8,10,タルバン,牡,4,57.0,中島龍也,101.5,1/2,3,24.6,42.2,,金沢加藤和宏,456.0,-8.0,2022103319
2026/04/10,金沢,曇,11,楽天競馬で馬券を買おう!楽天競馬特別(A1),ダ,1500,不,10,7,7,7,エコロブレード,牡,5,57.0,松戸政也,101.8,1.1/2,10,73.1,40.5,8-9-8,金沢金田一昌,460.0,4.0,2021103713
2026/04/10,金沢,曇,11,楽天競馬で馬券を買おう!楽天競馬特別(A1),ダ,1500,不,10,8,7,8,トレイルリッジ,牝,5,55.0,米倉知,102.1,1.1/2,5,28.4,42.1,6-6-3,金沢中川雅之,493.0,-2.0,2021104986
2026/04/10,金沢,曇,11,楽天競馬で馬券を買おう!楽天競馬特別(A1),ダ,1500,不,10,9,2,2,ハクサンアルタイル,牡,6,57.0,青柳正義,102.2,1/2,8,40.6,42.4,4-4-4-2,金沢堀場裕充,456.0,3.0,2020100765
2026/04/10,金沢,曇,11,楽天競馬で馬券を買おう!楽天競馬特別(A1),ダ,1500,不,10,10,3,3,メルテミア,牡,8,57.0,栗原大河,105.4,大,9,44.2,46.0,5-6,金沢池田敦,473.0,4.0,2018103266
2026/04/10,金沢,曇,12,能登復興支援 宇出津賞(B2),ダ,1500,不,11,1,4,4,トーアカフウ,牝,4,55.0,中島龍也,102.4,,4,9.8,41.1,7-7-8-7,金沢加藤和宏,425.0,5.0,2022105904
2026/04/10,金沢,曇,12,能登復興支援 宇出津賞(B2),ダ,1500,不,11,2,2,2,トウショウクラウド,牡,4,57.0,吉田晃浩,102.5,クビ,1,1.9,41.3,9-9-6-3,金沢佐藤茂,471.0,2.0,2022104194
2026/04/10,金沢,曇,12,能登復興支援 宇出津賞(B2),ダ,1500,不,11,3,3,3,セキレイ,牝,7,55.0,青柳正義,102.6,1/2,3,4.6,41.3,5-5-7-8,金沢中川雅之,465.0,5.0,2019102025
2026/04/10,金沢,曇,12,能登復興支援 宇出津賞(B2),ダ,1500,不,11,4,8,10,タントゥーム,牝,5,55.0,鈴木太一,103.0,2,2,4.3,42.1,1-1-1-1,金沢井樋一也,469.0,-3.0,2021106299
2026/04/10,金沢,曇,12,能登復興支援 宇出津賞(B2),ダ,1500,不,11,5,7,8,フェスティヴカレン,牝,5,55.0,栗原大河,103.0,アタマ,7,28.1,41.9,6-6-5-6,金沢堀場裕充,460.0,7.0,2021103193
2026/04/10,金沢,曇,12,能登復興支援 宇出津賞(B2),ダ,1500,不,11,6,7,9,ミラコロエクラ,牝,4,55.0,田知弘久,103.0,ハナ,5,23.6,41.9,3-3-3-4,金沢堀場裕充,463.0,-1.0,2022103163
2026/04/10,金沢,曇,12,能登復興支援 宇出津賞(B2),ダ,1500,不,11,7,6,7,ハガネ,牡,6,57.0,松戸政也,103.2,1,6,23.8,42.1,4-4-4-5,金沢藤田弘治,475.0,-2.0,2020101577
2026/04/10,金沢,曇,12,能登復興支援 宇出津賞(B2),ダ,1500,不,11,8,5,5,パインピーチ,牝,5,52.0,▲浅野登生,103.2,アタマ,11,94.7,42.3,2-2-2-2,金沢池田敦,449.0,4.0,2021106463
2026/04/10,金沢,曇,12,能登復興支援 宇出津賞(B2),ダ,1500,不,11,9,1,1,インターシア,牡,5,57.0,平瀬城久,103.3,1/2,8,33.7,40.2,11-11-12-11,金沢黒木豊,414.0,1.0,2021100644
2026/04/10,金沢,曇,12,能登復興支援 宇出津賞(B2),ダ,1500,不,11,10,6,6,マイボーイ,牡,4,57.0,魚住謙心,103.8,2.1/2,9,35.2,42.1,10-10-11-10,金沢堀場裕充,486.0,-3.0,2022101138
2026/04/10,金沢,曇,12,能登復興支援 宇出津賞(B2),ダ,1500,不,11,11,8,11,ブザービート,牡,8,57.0,服部大地,103.8,クビ,10,66.1,42.1,8-8-10-9,金沢宗綱泰彦,454.0,-1.0,2018103600
2026/04/10,名古屋,雨,1,C12組,ダ,1500,不,11,1,2,2,エクメノポリス,牡,4,57.0,望月洵輝,97.1,,5,8.2,41.0,1-1-2,愛知井手上慎,495.0,2.0,2022107298
2026/04/10,名古屋,雨,1,C12組,ダ,1500,不,11,2,7,8,ラブバイオレット,牝,6,55.0,丹羽克輝,97.2,1/2,4,7.8,40.5,6-4-1,愛知沖田明子,463.0,-5.0,2020100618
2026/04/10,名古屋,雨,1,C12組,ダ,1500,不,11,3,8,11,フルオブエナジー,セ,4,57.0,渡辺竜也,97.3,1/2,2,3.4,39.7,11-11-5,愛知井手上慎,461.0,3.0,2022100267
2026/04/10,名古屋,雨,1,C12組,ダ,1500,不,11,4,8,10,フランキンローズ,牝,5,51.0,★小笠原羚,97.5,1,7,26.1,40.5,5-6-6,愛知宮下瞳,445.0,8.0,2021102076
2026/04/10,名古屋,雨,1,C12組,ダ,1500,不,11,5,7,9,ピークブルーム,牝,5,55.0,細川智史,98.1,3,3,5.5,41.1,10-7-7,愛知沖田明子,467.0,16.0,2021103311
2026/04/10,名古屋,雨,1,C12組,ダ,1500,不,11,6,4,4,ヘキレキイッセン,牡,6,57.0,友森翔太,98.5,2,9,36.3,41.2,9-8-9,愛知宇都英樹,501.0,3.0,2020105005
2026/04/10,名古屋,雨,1,C12組,ダ,1500,不,11,7,3,3,パキラスイート,牝,4,55.0,村上弘樹,99.0,2.1/2,1,2.9,42.7,2-2-3,愛知角田輝也,452.0,-10.0,2022103652
2026/04/10,名古屋,雨,1,C12組,ダ,1500,不,11,8,6,7,メイショウオハコ,牝,4,55.0,塚本征吾,99.3,1.1/2,10,65.9,42.9,3-3-4,愛知藤ヶ崎一,417.0,5.0,2022103257
2026/04/10,名古屋,雨,1,C12組,ダ,1500,不,11,9,5,5,ゴッドフィンガー,牡,4,57.0,今井貴大,100.0,3,8,32.4,43.2,4-5-8,愛知竹下太,479.0,1.0,2022106030
2026/04/10,名古屋,雨,1,C12組,ダ,1500,不,11,10,1,1,サントロペ,牝,5,55.0,大畑慧悟,100.0,アタマ,11,221.8,42.7,8-9-10,愛知安部幸夫,493.0,0.0,2021101620
2026/04/10,名古屋,雨,1,C12組,ダ,1500,不,11,11,6,6,リッククッキー,牝,4,53.0,木之前葵,100.0,クビ,6,14.6,42.7,7-10-11,愛知坂口義幸,473.0,6.0,2022103426
2026/04/10,名古屋,雨,2,C11組,ダ,1400,不,11,1,4,4,ナンゴクジャックス,牡,4,57.0,丸野勝虎,89.9,,3,6.5,39.0,2-2-2,愛知倉地学,510.0,5.0,2022101267
2026/04/10,名古屋,雨,2,C11組,ダ,1400,不,11,2,8,10,エイシンマクルーベ,牝,4,53.0,木之前葵,90.3,2,2,2.5,38.5,8-8,愛知坂口義幸,416.0,0.0,2022102851
2026/04/10,名古屋,雨,2,C11組,ダ,1400,不,11,3,3,3,ベストキャット,牝,4,55.0,今井貴大,90.7,2,1,2.5,39.9,1-1-1,愛知角田輝也,426.0,-4.0,2022106840
2026/04/10,名古屋,雨,2,C11組,ダ,1400,不,11,4,2,2,スイングボーイ,牡,4,57.0,大畑慧悟,90.9,1,5,16.6,39.7,3-3-3,愛知倉地学,449.0,-4.0,2022107139
2026/04/10,名古屋,雨,2,C11組,ダ,1400,不,11,5,6,7,リックトメンマ,牝,5,55.0,塚本征吾,91.1,3/4,7,17.8,39.8,5-5-4,愛知櫻井今朝,485.0,-2.0,2021101810
2026/04/10,名古屋,雨,2,C11組,ダ,1400,不,11,6,6,6,ヴォルヴァ,牝,4,55.0,加藤聡一,91.1,クビ,8,25.8,39.6,6-6-7,愛知坂口義幸,445.0,11.0,2022104324
2026/04/10,名古屋,雨,2,C11組,ダ,1400,不,11,7,7,9,フーダオラ,牡,4,57.0,丹羽克輝,91.8,3,6,17.4,40.0,7-7-5,愛知錦見勇夫,493.0,1.0,2022102977
2026/04/10,名古屋,雨,2,C11組,ダ,1400,不,11,8,7,8,ゴールドパン,牝,4,55.0,友森翔太,92.1,1.1/2,9,57.4,39.7,9,愛知原口次夫,439.0,1.0,2022106917
2026/04/10,名古屋,雨,2,C11組,ダ,1400,不,11,9,5,5,トークン,牝,4,55.0,筒井勇介,92.5,2,4,11.9,41.2,4-4-6,愛知井上哲,465.0,3.0,2022100483
2026/04/10,名古屋,雨,2,C11組,ダ,1400,不,11,10,8,11,ウインマグノリア,牡,4,57.0,加藤利征,94.3,9,10,171.9,41.1,10,愛知原口次夫,456.0,5.0,2022106222
2026/04/10,名古屋,雨,2,C11組,ダ,1400,不,11,取消,1,1,キタノプレンティ,牝,4,55.0,望月洵輝,,,,,,,愛知藤ヶ崎一,,,2022102504
2026/04/10,名古屋,曇,3,C10組,ダ,1400,不,11,1,3,3,ゴーゴーゴウト,牡,4,57.0,渡辺竜也,89.5,,8,28.0,39.0,2-2-1,愛知井上哲,485.0,0.0,2022102371
2026/04/10,名古屋,曇,3,C10組,ダ,1400,不,11,2,1,1,レシェルドランジュ,牝,5,55.0,加藤聡一,90.7,6,3,6.1,40.4,1-1,愛知坂口義幸,468.0,3.0,2021105386
2026/04/10,名古屋,曇,3,C10組,ダ,1400,不,11,3,8,10,キタノレーニア,牝,6,55.0,友森翔太,90.9,3/4,5,11.8,39.8,6-6-3,愛知宇都英樹,423.0,10.0,2020101458
2026/04/10,名古屋,曇,3,C10組,ダ,1400,不,11,4,7,8,カフジキームン,牝,4,55.0,塚本征吾,91.0,1/2,4,7.0,40.2,4-3,愛知原口次夫,473.0,4.0,2022103988
2026/04/10,名古屋,曇,3,C10組,ダ,1400,不,11,5,6,7,メイショウキタダケ,牡,4,57.0,柿原翔,91.1,1/2,2,5.1,39.8,7-7-6,愛知藤ヶ崎一,449.0,2.0,2022107191
2026/04/10,名古屋,曇,3,C10組,ダ,1400,不,11,6,5,5,パープルルージュ,牝,4,55.0,丸野勝虎,91.7,3,6,12.4,40.2,9-8-5,愛知安部幸夫,427.0,0.0,2022102381
2026/04/10,名古屋,曇,3,C10組,ダ,1400,不,11,7,6,6,ブリリアントギフト,牝,7,53.0,木之前葵,92.1,2,11,118.5,41.1,3-4-4,愛知戸部尚実,430.0,2.0,2019105803
2026/04/10,名古屋,曇,3,C10組,ダ,1400,不,11,8,7,9,シャイニーセーラー,牝,4,55.0,望月洵輝,92.3,1,1,2.2,41.2,5-5,愛知服部功,459.0,4.0,2022101780
2026/04/10,名古屋,曇,3,C10組,ダ,1400,不,11,9,2,2,シンゼンマルノスケ,牡,4,57.0,細川智史,92.8,2.1/2,7,13.7,41.0,8-9,愛知角田輝也,494.0,19.0,2022104057
2026/04/10,名古屋,曇,3,C10組,ダ,1400,不,11,10,8,11,ジャストハンマー,牝,4,51.0,★小笠原羚,92.9,3/4,9,57.4,40.9,10-10-9,愛知服部功,483.0,14.0,2022106711
2026/04/10,名古屋,曇,3,C10組,ダ,1400,不,11,11,4,4,カピタン,牝,5,55.0,大畑慧悟,93.1,1,10,67.7,40.9,11-11-8,愛知安部幸夫,451.0,-4.0,2021101066
2026/04/10,名古屋,曇,4,C9組,ダ,1500,不,11,1,6,7,ミヤイグアス,牝,4,55.0,細川智史,95.9,,3,4.6,39.4,2-2-2,愛知今津勝之,457.0,-4.0,2022102142
2026/04/10,名古屋,曇,4,C9組,ダ,1500,不,11,2,6,6,ハクサンシャトル,牡,5,57.0,今井貴大,96.5,3,4,4.9,40.1,1-1-1,愛知宮本仁,432.0,-2.0,2021100791
2026/04/10,名古屋,曇,4,C9組,ダ,1500,不,11,3,8,11,クインズモンブラン,牝,4,55.0,加藤聡一,96.9,2,1,2.5,40.0,6-4-4,愛知榎屋充,482.0,1.0,2022106588
2026/04/10,名古屋,曇,4,C9組,ダ,1500,不,11,4,2,2,トラストユー,牝,4,55.0,友森翔太,97.1,1,10,66.9,39.7,7-7-7,愛知迫田清美,440.0,1.0,2022101496
2026/04/10,名古屋,曇,4,C9組,ダ,1500,不,11,5,4,4,コンジュラー,牝,5,55.0,筒井勇介,97.4,1.1/2,6,30.8,40.6,3-3-3,愛知迫田清美,451.0,3.0,2021107325
2026/04/10,名古屋,曇,4,C9組,ダ,1500,不,11,6,3,3,テルケンユミガール,牝,4,51.0,★小笠原羚,97.4,ハナ,7,32.3,39.6,11-6,愛知宇都英樹,475.0,0.0,2022102901
2026/04/10,名古屋,曇,4,C9組,ダ,1500,不,11,7,7,8,カゼノヨウニ,牡,5,57.0,塚本征吾,97.6,1,5,18.0,40.6,5-5-5,愛知竹下太,508.0,-4.0,2021104498
2026/04/10,名古屋,曇,4,C9組,ダ,1500,不,11,8,8,10,ロジピエルフ,牡,4,57.0,村上弘樹,98.5,4,2,3.8,41.1,8-8,愛知瀬戸口悟,498.0,2.0,2022106128
2026/04/10,名古屋,曇,4,C9組,ダ,1500,不,11,9,5,5,ラッシュグリーン,牡,4,57.0,明星晴大,99.9,7,8,48.4,41.3,12,愛知坂口義幸,528.0,0.0,2022102422
2026/04/10,名古屋,曇,4,C9組,ダ,1500,不,11,10,7,9,ハシリマッセ,牡,4,57.0,加藤利征,99.9,ハナ,11,87.3,42.1,9-10,愛知植松則幸,474.0,-1.0,2022106067
2026/04/10,名古屋,曇,4,C9組,ダ,1500,不,11,11,1,1,ストラティファイド,牝,4,55.0,大畑慧悟,101.7,9,9,51.5,44.3,4-6,愛知竹下太,449.0,2.0,2022105701
2026/04/10,名古屋,,5,C8組,ダ,1500,不,11,1,2,2,パルジファル,牡,4,55.0,木之前葵,96.5,,6,11.6,39.8,2-2-1,愛知今津勝之,457.0,0.0,2022106978
2026/04/10,名古屋,,5,C8組,ダ,1500,不,11,2,7,9,アイタロオ,牡,4,53.0,★小笠原羚,96.5,アタマ,1,2.4,39.5,6-4-4,愛知原口次夫,482.0,-6.0,2022102489
2026/04/10,名古屋,,5,C8組,ダ,1500,不,11,3,8,11,バイマイセルフ,牡,4,57.0,丹羽克輝,96.7,1,3,5.4,39.7,8-5-6,愛知櫻井今朝,502.0,-3.0,2022102285
2026/04/10,名古屋,,5,C8組,ダ,1500,不,11,4,6,7,ラビオンアスール,牡,8,57.0,柿原翔,96.8,クビ,10,67.9,39.1,10-9-7,愛知藤ヶ崎一,433.0,-3.0,2018103433
2026/04/10,名古屋,,5,C8組,ダ,1500,不,11,5,1,1,エファセデリエール,牝,4,55.0,望月洵輝,97.5,3,2,4.8,41.0,1-1-2,愛知藤ヶ崎一,472.0,2.0,2022105221
2026/04/10,名古屋,,5,C8組,ダ,1500,不,11,6,8,10,プレカーサー,牡,5,57.0,渡辺竜也,97.6,1/2,4,7.0,40.5,7-7-3,愛知藤ヶ崎一,540.0,-4.0,2021105164
2026/04/10,名古屋,,5,C8組,ダ,1500,不,11,7,5,5,ミッションアイズ,牡,4,57.0,村上弘樹,98.1,2.1/2,8,38.5,40.2,11-8,愛知瀬戸口悟,471.0,10.0,2022102661
2026/04/10,名古屋,,5,C8組,ダ,1500,不,11,8,4,4,グレースシャルマン,牝,4,55.0,加藤聡一,98.9,4,9,59.9,39.5,12-11,愛知今津勝之,440.0,-3.0,2022105498
2026/04/10,名古屋,,5,C8組,ダ,1500,不,11,9,3,3,メイショウイッシン,牡,6,57.0,塚本征吾,99.0,クビ,7,28.4,41.9,3-6-9,愛知櫻井今朝,465.0,-1.0,2020106455
2026/04/10,名古屋,,5,C8組,ダ,1500,不,11,10,6,6,ウォーターリッシュ,牝,5,55.0,友森翔太,99.1,3/4,11,204.6,41.7,5-8-10,愛知塚田隆男,440.0,-4.0,2021100954
2026/04/10,名古屋,,5,C8組,ダ,1500,不,11,11,7,8,デザフィアドール,牝,4,55.0,筒井勇介,100.2,5,5,7.4,43.5,4-3-5,愛知迫田清美,430.0,6.0,2022105172
2026/04/10,名古屋,,6,蘭ちゃん1歳バースデイ(B),ダ,1700,不,10,1,4,4,ダイタエリュシオン,牡,4,57.0,大畑慧悟,110.0,,3,5.2,39.2,4-4-1,愛知今津博之,492.0,-2.0,2022101733
2026/04/10,名古屋,,6,蘭ちゃん1歳バースデイ(B),ダ,1700,不,10,2,7,8,カンタカナリート,セ,4,57.0,渡辺竜也,110.6,3,2,4.2,39.8,5-5-4,愛知安部幸夫,462.0,-2.0,2022105630
2026/04/10,名古屋,,6,蘭ちゃん1歳バースデイ(B),ダ,1700,不,10,3,7,7,ドリームトリップ,牝,4,55.0,今井貴大,110.9,1.1/2,1,1.6,40.3,3-3-2,愛知角田輝也,462.0,4.0,2022101078
2026/04/10,名古屋,,6,蘭ちゃん1歳バースデイ(B),ダ,1700,不,10,4,8,9,テーオーエメラルド,牝,5,51.0,★小笠原羚,111.3,2,6,32.8,40.5,6-6-6,愛知竹下直人,479.0,-3.0,2021102234
2026/04/10,名古屋,,6,蘭ちゃん1歳バースデイ(B),ダ,1700,不,10,5,1,1,アルデスト,牡,4,57.0,山田祥雄,111.5,1,5,16.2,39.7,8-10-9,愛知今津勝之,494.0,2.0,2022106738
2026/04/10,名古屋,,6,蘭ちゃん1歳バースデイ(B),ダ,1700,不,10,6,3,3,エイシンナザレ,牝,4,55.0,明星晴大,113.3,9,7,37.3,42.7,1-1-3,愛知今津勝之,466.0,0.0,2022100566
2026/04/10,名古屋,,6,蘭ちゃん1歳バースデイ(B),ダ,1700,不,10,7,6,6,メリトーリアス,牡,4,57.0,細川智史,114.1,4,8,82.9,42.5,10-9-10,愛知地辺幸一,546.0,9.0,2022105727
2026/04/10,名古屋,,6,蘭ちゃん1歳バースデイ(B),ダ,1700,不,10,8,5,5,ビアンケット,牝,5,55.0,望月洵輝,114.2,3/4,4,13.2,43.6,2-2-5,愛知榎屋充,500.0,8.0,2021105882
2026/04/10,名古屋,,6,蘭ちゃん1歳バースデイ(B),ダ,1700,不,10,9,8,10,マサハヤヴァンス,牝,6,55.0,加藤聡一,115.2,5,10,124.0,43.6,9-8-11,愛知今津勝之,449.0,-3.0,2020103084
2026/04/10,名古屋,,6,蘭ちゃん1歳バースデイ(B),ダ,1700,不,10,10,2,2,ミキノオーボエ,牝,4,55.0,筒井勇介,115.3,1/2,9,118.3,43.9,7-7-8,愛知井上哲,489.0,-5.0,2022102592
2026/04/10,名古屋,,7,B10組,ダ,1500,不,11,1,8,11,ラウニウ,牝,4,55.0,塚本征吾,95.2,,1,1.2,39.5,1-1,愛知角田輝也,498.0,3.0,2022104399
2026/04/10,名古屋,,7,B10組,ダ,1500,不,11,2,4,4,セイウンアーテル,牡,5,53.0,★小笠原羚,95.9,3,2,8.4,39.7,3-3,愛知竹下直人,481.0,4.0,2021101148
2026/04/10,名古屋,,7,B10組,ダ,1500,不,11,3,3,3,ステラビアンカ,牡,4,57.0,明星晴大,96.0,1/2,7,35.2,39.8,6-4-2,愛知藤ヶ崎一,475.0,-12.0,2022103292
2026/04/10,名古屋,,7,B10組,ダ,1500,不,11,4,6,7,ヌンルチル,牝,4,55.0,渡辺竜也,96.2,3/4,4,9.7,40.0,7-5-3,愛知川西毅,464.0,-2.0,2022103008
2026/04/10,名古屋,,7,B10組,ダ,1500,不,11,5,7,9,ノクターナリティ,牡,7,57.0,村上弘樹,96.3,3/4,10,130.5,38.8,10-10-6,愛知瀬戸口悟,476.0,3.0,2019101906
2026/04/10,名古屋,,7,B10組,ダ,1500,不,11,6,1,1,ルミナスピラー,牝,4,55.0,望月洵輝,97.2,4,3,9.2,39.8,8-5,愛知藤ヶ崎一,423.0,3.0,2022106701
2026/04/10,名古屋,,7,B10組,ダ,1500,不,11,7,7,8,インフォーマント,牡,8,57.0,筒井勇介,97.4,1,9,74.1,39.9,9-9-8,愛知地辺幸一,476.0,3.0,2018104676
2026/04/10,名古屋,,7,B10組,ダ,1500,不,11,8,5,5,サノノロンドン,牝,4,55.0,加藤聡一,98.3,4,6,31.0,41.5,7-9,愛知竹下直人,458.0,4.0,2022101314
2026/04/10,名古屋,,7,B10組,ダ,1500,不,11,9,2,2,カフジジャワ,セ,4,57.0,今井貴大,98.5,1,5,26.0,42.6,2-2-4,愛知原口次夫,441.0,6.0,2022101560
2026/04/10,名古屋,,7,B10組,ダ,1500,不,11,10,8,10,ダバイカンティーク,牝,5,55.0,大畑慧悟,98.6,3/4,8,65.2,42.4,4-6-7,愛知竹下太,466.0,3.0,2021100664
2026/04/10,名古屋,,7,B10組,ダ,1500,不,11,11,6,6,サンライズテソロ,牡,8,57.0,阪野学,99.2,3,11,229.5,41.0,11-11-10,愛知植松則幸,471.0,-2.0,2018106586
2026/04/10,名古屋,,8,B9組,ダ,1400,不,11,1,4,4,ピコブルー,牡,4,57.0,望月洵輝,89.7,,2,2.8,40.0,2-2-1,愛知宇都英樹,503.0,15.0,2022101739
2026/04/10,名古屋,,8,B9組,ダ,1400,不,11,2,8,11,オンワードセルフ,牡,10,57.0,大原浩司,89.8,クビ,7,53.5,38.7,8-8-7,愛知宮本仁,510.0,5.0,2016100368
2026/04/10,名古屋,,8,B9組,ダ,1400,不,11,3,7,9,メイショウライメイ,牡,5,57.0,筒井勇介,90.0,1.1/2,9,65.3,38.8,12-10,愛知迫田清美,463.0,-1.0,2021102549
2026/04/10,名古屋,,8,B9組,ダ,1400,不,11,4,5,5,スターインパクト,牡,8,57.0,大畑慧悟,90.3,1.1/2,8,59.7,40.2,4-6-5,愛知竹下太,455.0,-1.0,2018101170
2026/04/10,名古屋,,8,B9組,ダ,1400,不,11,5,3,3,デスティニーホープ,牝,4,55.0,加藤聡一,90.6,1.1/2,1,2.1,41.0,1-1-2,愛知今津博之,455.0,0.0,2022103625
2026/04/10,名古屋,,8,B9組,ダ,1400,不,11,6,1,1,フォアファン,セ,4,57.0,細川智史,90.9,1.1/2,4,6.6,39.8,10-9-8,愛知今津博之,488.0,2.0,2022104064
2026/04/10,名古屋,,8,B9組,ダ,1400,不,11,7,6,7,ドラゴンラック,牡,4,57.0,山田祥雄,91.4,2.1/2,5,38.1,40.5,9-7,愛知今津勝之,477.0,5.0,2022103848
2026/04/10,名古屋,,8,B9組,ダ,1400,不,11,8,7,8,マリアナジャズ,牡,5,57.0,塚本征吾,91.6,1,10,90.9,41.9,3-3-4,愛知原口次夫,439.0,1.0,2021103833
2026/04/10,名古屋,,8,B9組,ダ,1400,不,11,9,8,10,リストン,牡,6,57.0,阪野学,91.6,クビ,6,46.5,41.5,6-5-9,愛知荒巻透,469.0,2.0,2020102443
2026/04/10,名古屋,,8,B9組,ダ,1400,不,11,10,2,2,フローラビーナス,牝,4,55.0,渡辺竜也,92.1,2.1/2,3,5.8,40.2,11,愛知藤ヶ崎一,490.0,4.0,2022100114
2026/04/10,名古屋,,8,B9組,ダ,1400,不,11,11,6,6,ゴッドインパルス,セ,6,57.0,丸山真一,92.2,クビ,11,274.0,42.1,5-4-6,愛知伊藤勝己,479.0,15.0,2020100823
2026/04/10,名古屋,,9,桜餅賞(3歳),ダ,1400,不,11,1,6,6,タガノナッシュビル,牝,3,55.0,加藤聡一,90.9,,4,8.5,40.0,11-9,愛知藤ヶ崎一,517.0,1.0,2023104732
2026/04/10,名古屋,,9,桜餅賞(3歳),ダ,1400,不,11,2,5,5,クインズツバキ,牝,3,51.0,★小笠原羚,91.1,1,1,1.4,40.8,5-4-1,愛知今津勝之,468.0,0.0,2023104971
2026/04/10,名古屋,,9,桜餅賞(3歳),ダ,1400,不,11,3,8,10,フィアマネラ,牡,3,57.0,細川智史,91.3,3/4,7,96.2,40.4,10-8,愛知迫田清美,444.0,3.0,2023104644
2026/04/10,名古屋,,9,桜餅賞(3歳),ダ,1400,不,11,4,7,9,ウインデイブレイク,牡,3,57.0,渡辺竜也,91.4,1/2,5,15.9,40.9,7-5-3,愛知安部幸夫,519.0,1.0,2023105886
2026/04/10,名古屋,,9,桜餅賞(3歳),ダ,1400,不,11,5,7,8,コスモギオン,牡,3,57.0,筒井勇介,93.2,9,11,270.9,41.8,12-11-8,愛知迫田清美,461.0,2.0,2023106460
2026/04/10,名古屋,,9,桜餅賞(3歳),ダ,1400,不,11,6,3,3,マイネルメテオーラ,牡,3,57.0,塚本征吾,93.7,2.1/2,6,35.6,44.0,1-1-2,愛知迫田清美,516.0,3.0,2023106448
2026/04/10,名古屋,,9,桜餅賞(3歳),ダ,1400,不,11,7,2,2,レッドファイブ,牡,3,57.0,丸山真一,93.7,アタマ,8,150.9,42.9,8-7-7,愛知坂口義幸,490.0,0.0,2023101374
2026/04/10,名古屋,,9,桜餅賞(3歳),ダ,1400,不,11,8,1,1,ストライプブルー,牡,3,57.0,大原浩司,93.8,クビ,10,246.3,42.6,9-10-10,愛知戸部尚実,453.0,2.0,2023102397
2026/04/10,名古屋,,9,桜餅賞(3歳),ダ,1400,不,11,9,4,4,ブルーリュバン,牡,3,57.0,望月洵輝,94.4,3,2,5.8,44.3,2-3-5,愛知川西毅,477.0,-10.0,2023104445
2026/04/10,名古屋,,9,桜餅賞(3歳),ダ,1400,不,11,10,6,7,テクノレモン,牝,3,55.0,丸野勝虎,95.7,6,9,156.5,44.9,6-6-9,愛知安部幸夫,440.0,3.0,2023103031
2026/04/10,名古屋,,9,桜餅賞(3歳),ダ,1400,不,11,11,8,11,フォールティア,牡,3,57.0,大畑慧悟,96.1,2,3,6.7,46.2,3-2-6,愛知今津博之,491.0,-1.0,2023100707
2026/04/10,名古屋,,10,八重桜特別(A),ダ,1700,不,9,1,2,2,フリッパー,牡,6,57.0,村上弘樹,109.3,,2,5.4,38.5,3-3-3,愛知瀬戸口悟,510.0,5.0,2020100078
2026/04/10,名古屋,,10,八重桜特別(A),ダ,1700,不,9,2,6,6,エイシンガウディ,牡,4,57.0,望月洵輝,109.4,1/2,1,1.3,38.7,2-2-2,愛知今津博之,477.0,8.0,2022102616
2026/04/10,名古屋,,10,八重桜特別(A),ダ,1700,不,9,3,8,9,カサデガ,牡,8,57.0,塚本征吾,110.2,4,7,21.0,38.4,9-10,愛知戸部尚実,477.0,7.0,2018105908
2026/04/10,名古屋,,10,八重桜特別(A),ダ,1700,不,9,4,1,1,スカーズ,牡,6,57.0,渡辺竜也,110.4,1.1/2,6,21.0,39.4,4-4-5,愛知安部幸夫,491.0,-8.0,2020103642
2026/04/10,名古屋,,10,八重桜特別(A),ダ,1700,不,9,5,5,5,ドラゴステ,牝,7,55.0,丹羽克輝,110.4,アタマ,4,17.9,39.0,8-7-4,愛知沖田明子,451.0,1.0,2019102472
2026/04/10,名古屋,,10,八重桜特別(A),ダ,1700,不,9,6,3,3,コパカツ,牡,4,57.0,今井貴大,110.7,1.1/2,5,19.2,40.1,1-1-1,愛知宮下瞳,521.0,0.0,2022104243
2026/04/10,名古屋,,10,八重桜特別(A),ダ,1700,不,9,7,4,4,オニジオオタニ,セ,8,57.0,柿原翔,110.7,アタマ,8,39.8,38.9,7-9-8,愛知角田輝也,467.0,-10.0,2018101046
2026/04/10,名古屋,,10,八重桜特別(A),ダ,1700,不,9,8,8,8,レアリーゼ,牡,6,57.0,大畑慧悟,110.8,1/2,3,9.5,39.7,5-5-6,愛知宮本仁,471.0,4.0,2020106823
2026/04/10,名古屋,,10,八重桜特別(A),ダ,1700,不,9,9,7,7,ダブルアタック,牡,5,57.0,明星晴大,112.4,8,9,144.0,41.0,6-6,愛知藤ヶ崎一,491.0,1.0,2021102177
2026/04/10,名古屋,,11,春爛漫特別(3歳),ダ,1500,不,11,1,8,10,タガノアイゼン,牡,3,57.0,渡辺竜也,95.2,,2,2.7,39.1,3-2-2,愛知藤ヶ崎一,455.0,0.0,2023104316
2026/04/10,名古屋,,11,春爛漫特別(3歳),ダ,1500,不,11,2,5,5,ハンドフル,牡,3,57.0,丸野勝虎,95.3,1/2,3,5.4,39.1,2-3-1,愛知角田輝也,481.0,17.0,2023104963
2026/04/10,名古屋,,11,春爛漫特別(3歳),ダ,1500,不,11,3,6,7,マイネルモンテュス,牡,3,57.0,塚本征吾,96.3,5,1,2.2,39.8,6-6-5,愛知櫻井今朝,518.0,9.0,2023104563
2026/04/10,名古屋,,11,春爛漫特別(3歳),ダ,1500,不,11,4,7,8,ミトノテイオー,牡,3,57.0,細川智史,97.6,6,4,15.9,41.5,1-1-4,愛知角田輝也,522.0,2.0,2023105050
2026/04/10,名古屋,,11,春爛漫特別(3歳),ダ,1500,不,11,5,6,6,カレンショー,牡,3,57.0,村上弘樹,98.0,2,8,33.8,41.8,4-4-9,愛知今津博之,432.0,-1.0,2023103374
2026/04/10,名古屋,,11,春爛漫特別(3歳),ダ,1500,不,11,6,2,2,ワタシイノッテマス,牡,3,57.0,筒井勇介,98.2,1.1/2,7,28.9,41.3,8-7-8,愛知角田輝也,455.0,3.0,2023101930
2026/04/10,名古屋,,11,春爛漫特別(3歳),ダ,1500,不,11,7,3,3,ナダッコ,牡,3,57.0,望月洵輝,98.6,2,5,16.5,42.1,5-5-7,愛知藤ヶ崎一,490.0,0.0,2023102212
2026/04/10,名古屋,,11,春爛漫特別(3歳),ダ,1500,不,11,8,7,9,ポンコツソード,牡,3,57.0,大畑慧悟,98.6,クビ,10,89.8,41.1,9-12,愛知藤ヶ崎一,425.0,-3.0,2023101248
2026/04/10,名古屋,,11,春爛漫特別(3歳),ダ,1500,不,11,9,1,1,モンバン,牡,3,57.0,阪野学,98.8,1,6,20.1,41.3,7-8-11,愛知荒巻透,488.0,-6.0,2023105440
2026/04/10,名古屋,,11,春爛漫特別(3歳),ダ,1500,不,11,10,8,11,タイガートレイル,牡,3,57.0,加藤聡一,101.4,大,9,84.5,41.4,10-13,愛知原口次夫,482.0,-4.0,2023102532
2026/04/10,名古屋,,11,春爛漫特別(3歳),ダ,1500,不,11,取消,4,4,ミラクルカイザー,牡,3,57.0,今井貴大,,,,,,,愛知竹下直人,,,2023102162
